FILE_INIT_BANK_DATA_CHECK_PASS bank=0 words=16 start_row=64 rows=512 file=/fastone/users/shibin.lu/dv_bachcore/st/sim_rtl/uvm_tb/memory_backdoor/config/file_init/file_init_sram0_bank0.hex
FILE_INIT_BANK_DATA_CHECK_PASS bank=1 words=16 start_row=128 rows=512 file=/fastone/users/shibin.lu/dv_bachcore/st/sim_rtl/uvm_tb/memory_backdoor/config/file_init/file_init_sram0_bank1.hex
FILE_INIT_BANK_DATA_CHECK_PASS bank=2 words=16 start_row=0 rows=512 file=/fastone/users/shibin.lu/dv_bachcore/st/sim_rtl/uvm_tb/memory_backdoor/config/file_init/file_init_sram0_bank2.hex
FILE_INIT_BANK_DATA_CHECK_PASS bank=3 words=16 start_row=0 rows=512 file=/fastone/users/shibin.lu/dv_bachcore/st/sim_rtl/uvm_tb/memory_backdoor/config/file_init/file_init_sram0_bank3.hex
                         Chronologic VCS (TM)
       Version S-2021.09-SP2_Full64 -- Wed Sep  2 10:10:07 2026

                    Copyright (c) 1991 - 2022 Synopsys, Inc.
   This software and the associated documentation are proprietary to Synopsys,
 Inc. This software may only be used in accordance with the terms and conditions
 of a written license agreement with Synopsys, Inc. All other use, reproduction,
   or distribution of this software is strictly prohibited.  Licensed Products
     communicate with Synopsys servers for the purpose of providing software
    updates, detecting software piracy and verifying that customers are using
    Licensed Products in conformity with the applicable License Key for such
  Licensed Products. Synopsys will use information gathered in connection with
    this process to deliver software updates and pursue software pirates and
                                   infringers.

 Inclusivity & Diversity - Visit SolvNetPlus to read the "Synopsys Statement on
            Inclusivity and Diversity" (Refer to article 000036315 at
                        https://solvnetplus.synopsys.com)

Parsing design file '/fastone/softwares/synopsys/vcs/S-2021.09-SP2/etc/uvm-1.2/uvm_pkg.sv'
Parsing included file '/fastone/softwares/synopsys/vcs/S-2021.09-SP2/etc/uvm-1.2/uvm_macros.svh'.
Parsing included file '/fastone/softwares/synopsys/vcs/S-2021.09-SP2/etc/uvm-1.2/macros/uvm_version_defines.svh'.
Back to file '/fastone/softwares/synopsys/vcs/S-2021.09-SP2/etc/uvm-1.2/uvm_macros.svh'.
Parsing included file '/fastone/softwares/synopsys/vcs/S-2021.09-SP2/etc/uvm-1.2/macros/uvm_global_defines.svh'.
Back to file '/fastone/softwares/synopsys/vcs/S-2021.09-SP2/etc/uvm-1.2/uvm_macros.svh'.
Parsing included file '/fastone/softwares/synopsys/vcs/S-2021.09-SP2/etc/uvm-1.2/macros/snps_macros.svp'.
Back to file '/fastone/softwares/synopsys/vcs/S-2021.09-SP2/etc/uvm-1.2/uvm_macros.svh'.
Parsing included file '/fastone/softwares/synopsys/vcs/S-2021.09-SP2/etc/uvm-1.2/macros/uvm_message_defines.svh'.
Back to file '/fastone/softwares/synopsys/vcs/S-2021.09-SP2/etc/uvm-1.2/uvm_macros.svh'.
Parsing included file '/fastone/softwares/synopsys/vcs/S-2021.09-SP2/etc/uvm-1.2/macros/uvm_phase_defines.svh'.
Back to file '/fastone/softwares/synopsys/vcs/S-2021.09-SP2/etc/uvm-1.2/uvm_macros.svh'.
Parsing included file '/fastone/softwares/synopsys/vcs/S-2021.09-SP2/etc/uvm-1.2/macros/uvm_object_defines.svh'.
Back to file '/fastone/softwares/synopsys/vcs/S-2021.09-SP2/etc/uvm-1.2/uvm_macros.svh'.
Parsing included file '/fastone/softwares/synopsys/vcs/S-2021.09-SP2/etc/uvm-1.2/macros/uvm_printer_defines.svh'.
Back to file '/fastone/softwares/synopsys/vcs/S-2021.09-SP2/etc/uvm-1.2/uvm_macros.svh'.
Parsing included file '/fastone/softwares/synopsys/vcs/S-2021.09-SP2/etc/uvm-1.2/macros/uvm_tlm_defines.svh'.
Parsing included file '/fastone/softwares/synopsys/vcs/S-2021.09-SP2/etc/uvm-1.2/tlm1/uvm_tlm_imps.svh'.
Back to file '/fastone/softwares/synopsys/vcs/S-2021.09-SP2/etc/uvm-1.2/macros/uvm_tlm_defines.svh'.
Back to file '/fastone/softwares/synopsys/vcs/S-2021.09-SP2/etc/uvm-1.2/uvm_macros.svh'.
Parsing included file '/fastone/softwares/synopsys/vcs/S-2021.09-SP2/etc/uvm-1.2/macros/uvm_sequence_defines.svh'.
Back to file '/fastone/softwares/synopsys/vcs/S-2021.09-SP2/etc/uvm-1.2/uvm_macros.svh'.
Parsing included file '/fastone/softwares/synopsys/vcs/S-2021.09-SP2/etc/uvm-1.2/macros/uvm_callback_defines.svh'.
Back to file '/fastone/softwares/synopsys/vcs/S-2021.09-SP2/etc/uvm-1.2/uvm_macros.svh'.
Parsing included file '/fastone/softwares/synopsys/vcs/S-2021.09-SP2/etc/uvm-1.2/macros/uvm_reg_defines.svh'.
Back to file '/fastone/softwares/synopsys/vcs/S-2021.09-SP2/etc/uvm-1.2/uvm_macros.svh'.
Parsing included file '/fastone/softwares/synopsys/vcs/S-2021.09-SP2/etc/uvm-1.2/macros/uvm_deprecated_defines.svh'.
Back to file '/fastone/softwares/synopsys/vcs/S-2021.09-SP2/etc/uvm-1.2/uvm_macros.svh'.
Back to file '/fastone/softwares/synopsys/vcs/S-2021.09-SP2/etc/uvm-1.2/uvm_pkg.sv'.
Parsing included file '/fastone/softwares/synopsys/vcs/S-2021.09-SP2/etc/uvm-1.2/dpi/uvm_dpi.svh'.
Parsing included file '/fastone/softwares/synopsys/vcs/S-2021.09-SP2/etc/uvm-1.2/dpi/uvm_hdl.svh'.
Back to file '/fastone/softwares/synopsys/vcs/S-2021.09-SP2/etc/uvm-1.2/dpi/uvm_dpi.svh'.
Parsing included file '/fastone/softwares/synopsys/vcs/S-2021.09-SP2/etc/uvm-1.2/dpi/uvm_svcmd_dpi.svh'.
Back to file '/fastone/softwares/synopsys/vcs/S-2021.09-SP2/etc/uvm-1.2/dpi/uvm_dpi.svh'.
Parsing included file '/fastone/softwares/synopsys/vcs/S-2021.09-SP2/etc/uvm-1.2/dpi/uvm_regex.svh'.
Back to file '/fastone/softwares/synopsys/vcs/S-2021.09-SP2/etc/uvm-1.2/dpi/uvm_dpi.svh'.
Back to file '/fastone/softwares/synopsys/vcs/S-2021.09-SP2/etc/uvm-1.2/uvm_pkg.sv'.
Parsing included file '/fastone/softwares/synopsys/vcs/S-2021.09-SP2/etc/uvm-1.2/base/uvm_base.svh'.
Parsing included file '/fastone/softwares/synopsys/vcs/S-2021.09-SP2/etc/uvm-1.2/base/uvm_coreservice.svh'.
Back to file '/fastone/softwares/synopsys/vcs/S-2021.09-SP2/etc/uvm-1.2/base/uvm_base.svh'.
Parsing included file '/fastone/softwares/synopsys/vcs/S-2021.09-SP2/etc/uvm-1.2/base/uvm_version.svh'.
Back to file '/fastone/softwares/synopsys/vcs/S-2021.09-SP2/etc/uvm-1.2/base/uvm_base.svh'.
Parsing included file '/fastone/softwares/synopsys/vcs/S-2021.09-SP2/etc/uvm-1.2/base/uvm_object_globals.svh'.
Back to file '/fastone/softwares/synopsys/vcs/S-2021.09-SP2/etc/uvm-1.2/base/uvm_base.svh'.
Parsing included file '/fastone/softwares/synopsys/vcs/S-2021.09-SP2/etc/uvm-1.2/base/uvm_misc.svh'.
Back to file '/fastone/softwares/synopsys/vcs/S-2021.09-SP2/etc/uvm-1.2/base/uvm_base.svh'.
Parsing included file '/fastone/softwares/synopsys/vcs/S-2021.09-SP2/etc/uvm-1.2/base/uvm_object.svh'.
Back to file '/fastone/softwares/synopsys/vcs/S-2021.09-SP2/etc/uvm-1.2/base/uvm_base.svh'.
Parsing included file '/fastone/softwares/synopsys/vcs/S-2021.09-SP2/etc/uvm-1.2/base/uvm_pool.svh'.
Back to file '/fastone/softwares/synopsys/vcs/S-2021.09-SP2/etc/uvm-1.2/base/uvm_base.svh'.
Parsing included file '/fastone/softwares/synopsys/vcs/S-2021.09-SP2/etc/uvm-1.2/base/uvm_queue.svh'.
Back to file '/fastone/softwares/synopsys/vcs/S-2021.09-SP2/etc/uvm-1.2/base/uvm_base.svh'.
Parsing included file '/fastone/softwares/synopsys/vcs/S-2021.09-SP2/etc/uvm-1.2/base/uvm_factory.svh'.
Back to file '/fastone/softwares/synopsys/vcs/S-2021.09-SP2/etc/uvm-1.2/base/uvm_base.svh'.
Parsing included file '/fastone/softwares/synopsys/vcs/S-2021.09-SP2/etc/uvm-1.2/base/uvm_registry.svh'.
Back to file '/fastone/softwares/synopsys/vcs/S-2021.09-SP2/etc/uvm-1.2/base/uvm_base.svh'.
Parsing included file '/fastone/softwares/synopsys/vcs/S-2021.09-SP2/etc/uvm-1.2/base/uvm_spell_chkr.svh'.
Back to file '/fastone/softwares/synopsys/vcs/S-2021.09-SP2/etc/uvm-1.2/base/uvm_base.svh'.
Parsing included file '/fastone/softwares/synopsys/vcs/S-2021.09-SP2/etc/uvm-1.2/base/uvm_resource.svh'.
Back to file '/fastone/softwares/synopsys/vcs/S-2021.09-SP2/etc/uvm-1.2/base/uvm_base.svh'.
Parsing included file '/fastone/softwares/synopsys/vcs/S-2021.09-SP2/etc/uvm-1.2/base/uvm_resource_specializations.svh'.
Back to file '/fastone/softwares/synopsys/vcs/S-2021.09-SP2/etc/uvm-1.2/base/uvm_base.svh'.
Parsing included file '/fastone/softwares/synopsys/vcs/S-2021.09-SP2/etc/uvm-1.2/base/uvm_resource_db.svh'.
Back to file '/fastone/softwares/synopsys/vcs/S-2021.09-SP2/etc/uvm-1.2/base/uvm_base.svh'.
Parsing included file '/fastone/softwares/synopsys/vcs/S-2021.09-SP2/etc/uvm-1.2/base/uvm_config_db.svh'.
Back to file '/fastone/softwares/synopsys/vcs/S-2021.09-SP2/etc/uvm-1.2/base/uvm_base.svh'.
Parsing included file '/fastone/softwares/synopsys/vcs/S-2021.09-SP2/etc/uvm-1.2/base/uvm_printer.svh'.
Back to file '/fastone/softwares/synopsys/vcs/S-2021.09-SP2/etc/uvm-1.2/base/uvm_base.svh'.
Parsing included file '/fastone/softwares/synopsys/vcs/S-2021.09-SP2/etc/uvm-1.2/base/uvm_comparer.svh'.
Back to file '/fastone/softwares/synopsys/vcs/S-2021.09-SP2/etc/uvm-1.2/base/uvm_base.svh'.
Parsing included file '/fastone/softwares/synopsys/vcs/S-2021.09-SP2/etc/uvm-1.2/base/uvm_packer.svh'.
Back to file '/fastone/softwares/synopsys/vcs/S-2021.09-SP2/etc/uvm-1.2/base/uvm_base.svh'.
Parsing included file '/fastone/softwares/synopsys/vcs/S-2021.09-SP2/etc/uvm-1.2/base/uvm_links.svh'.
Back to file '/fastone/softwares/synopsys/vcs/S-2021.09-SP2/etc/uvm-1.2/base/uvm_base.svh'.
Parsing included file '/fastone/softwares/synopsys/vcs/S-2021.09-SP2/etc/uvm-1.2/base/uvm_tr_database.svh'.
Back to file '/fastone/softwares/synopsys/vcs/S-2021.09-SP2/etc/uvm-1.2/base/uvm_base.svh'.
Parsing included file '/fastone/softwares/synopsys/vcs/S-2021.09-SP2/etc/uvm-1.2/base/uvm_tr_stream.svh'.
Back to file '/fastone/softwares/synopsys/vcs/S-2021.09-SP2/etc/uvm-1.2/base/uvm_base.svh'.
Parsing included file '/fastone/softwares/synopsys/vcs/S-2021.09-SP2/etc/uvm-1.2/base/uvm_recorder.svh'.
Back to file '/fastone/softwares/synopsys/vcs/S-2021.09-SP2/etc/uvm-1.2/base/uvm_base.svh'.
Parsing included file '/fastone/softwares/synopsys/vcs/S-2021.09-SP2/etc/uvm-1.2/base/uvm_event_callback.svh'.
Back to file '/fastone/softwares/synopsys/vcs/S-2021.09-SP2/etc/uvm-1.2/base/uvm_base.svh'.
Parsing included file '/fastone/softwares/synopsys/vcs/S-2021.09-SP2/etc/uvm-1.2/base/uvm_event.svh'.
Back to file '/fastone/softwares/synopsys/vcs/S-2021.09-SP2/etc/uvm-1.2/base/uvm_base.svh'.
Parsing included file '/fastone/softwares/synopsys/vcs/S-2021.09-SP2/etc/uvm-1.2/base/uvm_barrier.svh'.
Back to file '/fastone/softwares/synopsys/vcs/S-2021.09-SP2/etc/uvm-1.2/base/uvm_base.svh'.
Parsing included file '/fastone/softwares/synopsys/vcs/S-2021.09-SP2/etc/uvm-1.2/base/uvm_callback.svh'.
Parsing included file '/fastone/softwares/synopsys/vcs/S-2021.09-SP2/etc/uvm-1.2/uvm_macros.svh'.
Back to file '/fastone/softwares/synopsys/vcs/S-2021.09-SP2/etc/uvm-1.2/base/uvm_callback.svh'.
Back to file '/fastone/softwares/synopsys/vcs/S-2021.09-SP2/etc/uvm-1.2/base/uvm_base.svh'.
Parsing included file '/fastone/softwares/synopsys/vcs/S-2021.09-SP2/etc/uvm-1.2/base/uvm_report_message.svh'.
Back to file '/fastone/softwares/synopsys/vcs/S-2021.09-SP2/etc/uvm-1.2/base/uvm_base.svh'.
Parsing included file '/fastone/softwares/synopsys/vcs/S-2021.09-SP2/etc/uvm-1.2/base/uvm_report_catcher.svh'.
Back to file '/fastone/softwares/synopsys/vcs/S-2021.09-SP2/etc/uvm-1.2/base/uvm_base.svh'.
Parsing included file '/fastone/softwares/synopsys/vcs/S-2021.09-SP2/etc/uvm-1.2/base/uvm_report_server.svh'.
Back to file '/fastone/softwares/synopsys/vcs/S-2021.09-SP2/etc/uvm-1.2/base/uvm_base.svh'.
Parsing included file '/fastone/softwares/synopsys/vcs/S-2021.09-SP2/etc/uvm-1.2/base/uvm_report_handler.svh'.
Back to file '/fastone/softwares/synopsys/vcs/S-2021.09-SP2/etc/uvm-1.2/base/uvm_base.svh'.
Parsing included file '/fastone/softwares/synopsys/vcs/S-2021.09-SP2/etc/uvm-1.2/base/uvm_report_object.svh'.
Back to file '/fastone/softwares/synopsys/vcs/S-2021.09-SP2/etc/uvm-1.2/base/uvm_base.svh'.
Parsing included file '/fastone/softwares/synopsys/vcs/S-2021.09-SP2/etc/uvm-1.2/base/uvm_transaction.svh'.
Back to file '/fastone/softwares/synopsys/vcs/S-2021.09-SP2/etc/uvm-1.2/base/uvm_base.svh'.
Parsing included file '/fastone/softwares/synopsys/vcs/S-2021.09-SP2/etc/uvm-1.2/base/uvm_phase.svh'.
Back to file '/fastone/softwares/synopsys/vcs/S-2021.09-SP2/etc/uvm-1.2/base/uvm_base.svh'.
Parsing included file '/fastone/softwares/synopsys/vcs/S-2021.09-SP2/etc/uvm-1.2/base/uvm_domain.svh'.
Back to file '/fastone/softwares/synopsys/vcs/S-2021.09-SP2/etc/uvm-1.2/base/uvm_base.svh'.
Parsing included file '/fastone/softwares/synopsys/vcs/S-2021.09-SP2/etc/uvm-1.2/base/uvm_bottomup_phase.svh'.
Back to file '/fastone/softwares/synopsys/vcs/S-2021.09-SP2/etc/uvm-1.2/base/uvm_base.svh'.
Parsing included file '/fastone/softwares/synopsys/vcs/S-2021.09-SP2/etc/uvm-1.2/base/uvm_topdown_phase.svh'.
Back to file '/fastone/softwares/synopsys/vcs/S-2021.09-SP2/etc/uvm-1.2/base/uvm_base.svh'.
Parsing included file '/fastone/softwares/synopsys/vcs/S-2021.09-SP2/etc/uvm-1.2/base/uvm_task_phase.svh'.
Back to file '/fastone/softwares/synopsys/vcs/S-2021.09-SP2/etc/uvm-1.2/base/uvm_base.svh'.
Parsing included file '/fastone/softwares/synopsys/vcs/S-2021.09-SP2/etc/uvm-1.2/base/uvm_common_phases.svh'.
Back to file '/fastone/softwares/synopsys/vcs/S-2021.09-SP2/etc/uvm-1.2/base/uvm_base.svh'.
Parsing included file '/fastone/softwares/synopsys/vcs/S-2021.09-SP2/etc/uvm-1.2/base/uvm_runtime_phases.svh'.
Back to file '/fastone/softwares/synopsys/vcs/S-2021.09-SP2/etc/uvm-1.2/base/uvm_base.svh'.
Parsing included file '/fastone/softwares/synopsys/vcs/S-2021.09-SP2/etc/uvm-1.2/base/uvm_component.svh'.
Parsing included file '/fastone/softwares/synopsys/vcs/S-2021.09-SP2/etc/uvm-1.2/base/uvm_root.svh'.
Back to file '/fastone/softwares/synopsys/vcs/S-2021.09-SP2/etc/uvm-1.2/base/uvm_component.svh'.
Back to file '/fastone/softwares/synopsys/vcs/S-2021.09-SP2/etc/uvm-1.2/base/uvm_base.svh'.
Parsing included file '/fastone/softwares/synopsys/vcs/S-2021.09-SP2/etc/uvm-1.2/base/uvm_objection.svh'.
Back to file '/fastone/softwares/synopsys/vcs/S-2021.09-SP2/etc/uvm-1.2/base/uvm_base.svh'.
Parsing included file '/fastone/softwares/synopsys/vcs/S-2021.09-SP2/etc/uvm-1.2/base/uvm_heartbeat.svh'.
Back to file '/fastone/softwares/synopsys/vcs/S-2021.09-SP2/etc/uvm-1.2/base/uvm_base.svh'.
Parsing included file '/fastone/softwares/synopsys/vcs/S-2021.09-SP2/etc/uvm-1.2/base/uvm_globals.svh'.
Back to file '/fastone/softwares/synopsys/vcs/S-2021.09-SP2/etc/uvm-1.2/base/uvm_base.svh'.
Parsing included file '/fastone/softwares/synopsys/vcs/S-2021.09-SP2/etc/uvm-1.2/base/uvm_cmdline_processor.svh'.
Back to file '/fastone/softwares/synopsys/vcs/S-2021.09-SP2/etc/uvm-1.2/base/uvm_base.svh'.
Parsing included file '/fastone/softwares/synopsys/vcs/S-2021.09-SP2/etc/uvm-1.2/base/uvm_traversal.svh'.
Back to file '/fastone/softwares/synopsys/vcs/S-2021.09-SP2/etc/uvm-1.2/base/uvm_base.svh'.
Back to file '/fastone/softwares/synopsys/vcs/S-2021.09-SP2/etc/uvm-1.2/uvm_pkg.sv'.
Parsing included file '/fastone/softwares/synopsys/vcs/S-2021.09-SP2/etc/uvm-1.2/dap/uvm_dap.svh'.
Parsing included file '/fastone/softwares/synopsys/vcs/S-2021.09-SP2/etc/uvm-1.2/dap/uvm_set_get_dap_base.svh'.
Back to file '/fastone/softwares/synopsys/vcs/S-2021.09-SP2/etc/uvm-1.2/dap/uvm_dap.svh'.
Parsing included file '/fastone/softwares/synopsys/vcs/S-2021.09-SP2/etc/uvm-1.2/dap/uvm_simple_lock_dap.svh'.
Back to file '/fastone/softwares/synopsys/vcs/S-2021.09-SP2/etc/uvm-1.2/dap/uvm_dap.svh'.
Parsing included file '/fastone/softwares/synopsys/vcs/S-2021.09-SP2/etc/uvm-1.2/dap/uvm_get_to_lock_dap.svh'.
Back to file '/fastone/softwares/synopsys/vcs/S-2021.09-SP2/etc/uvm-1.2/dap/uvm_dap.svh'.
Parsing included file '/fastone/softwares/synopsys/vcs/S-2021.09-SP2/etc/uvm-1.2/dap/uvm_set_before_get_dap.svh'.
Back to file '/fastone/softwares/synopsys/vcs/S-2021.09-SP2/etc/uvm-1.2/dap/uvm_dap.svh'.
Back to file '/fastone/softwares/synopsys/vcs/S-2021.09-SP2/etc/uvm-1.2/uvm_pkg.sv'.
Parsing included file '/fastone/softwares/synopsys/vcs/S-2021.09-SP2/etc/uvm-1.2/tlm1/uvm_tlm.svh'.
Parsing included file '/fastone/softwares/synopsys/vcs/S-2021.09-SP2/etc/uvm-1.2/tlm1/uvm_tlm_ifs.svh'.
Back to file '/fastone/softwares/synopsys/vcs/S-2021.09-SP2/etc/uvm-1.2/tlm1/uvm_tlm.svh'.
Parsing included file '/fastone/softwares/synopsys/vcs/S-2021.09-SP2/etc/uvm-1.2/tlm1/uvm_sqr_ifs.svh'.
Back to file '/fastone/softwares/synopsys/vcs/S-2021.09-SP2/etc/uvm-1.2/tlm1/uvm_tlm.svh'.
Parsing included file '/fastone/softwares/synopsys/vcs/S-2021.09-SP2/etc/uvm-1.2/base/uvm_port_base.svh'.
Back to file '/fastone/softwares/synopsys/vcs/S-2021.09-SP2/etc/uvm-1.2/tlm1/uvm_tlm.svh'.
Parsing included file '/fastone/softwares/synopsys/vcs/S-2021.09-SP2/etc/uvm-1.2/tlm1/uvm_tlm_imps.svh'.
Back to file '/fastone/softwares/synopsys/vcs/S-2021.09-SP2/etc/uvm-1.2/tlm1/uvm_tlm.svh'.
Parsing included file '/fastone/softwares/synopsys/vcs/S-2021.09-SP2/etc/uvm-1.2/tlm1/uvm_imps.svh'.
Back to file '/fastone/softwares/synopsys/vcs/S-2021.09-SP2/etc/uvm-1.2/tlm1/uvm_tlm.svh'.
Parsing included file '/fastone/softwares/synopsys/vcs/S-2021.09-SP2/etc/uvm-1.2/tlm1/uvm_ports.svh'.
Back to file '/fastone/softwares/synopsys/vcs/S-2021.09-SP2/etc/uvm-1.2/tlm1/uvm_tlm.svh'.
Parsing included file '/fastone/softwares/synopsys/vcs/S-2021.09-SP2/etc/uvm-1.2/tlm1/uvm_exports.svh'.
Back to file '/fastone/softwares/synopsys/vcs/S-2021.09-SP2/etc/uvm-1.2/tlm1/uvm_tlm.svh'.
Parsing included file '/fastone/softwares/synopsys/vcs/S-2021.09-SP2/etc/uvm-1.2/tlm1/uvm_analysis_port.svh'.
Back to file '/fastone/softwares/synopsys/vcs/S-2021.09-SP2/etc/uvm-1.2/tlm1/uvm_tlm.svh'.
Parsing included file '/fastone/softwares/synopsys/vcs/S-2021.09-SP2/etc/uvm-1.2/tlm1/uvm_tlm_fifo_base.svh'.
Back to file '/fastone/softwares/synopsys/vcs/S-2021.09-SP2/etc/uvm-1.2/tlm1/uvm_tlm.svh'.
Parsing included file '/fastone/softwares/synopsys/vcs/S-2021.09-SP2/etc/uvm-1.2/tlm1/uvm_tlm_fifos.svh'.
Back to file '/fastone/softwares/synopsys/vcs/S-2021.09-SP2/etc/uvm-1.2/tlm1/uvm_tlm.svh'.
Parsing included file '/fastone/softwares/synopsys/vcs/S-2021.09-SP2/etc/uvm-1.2/tlm1/uvm_tlm_req_rsp.svh'.
Back to file '/fastone/softwares/synopsys/vcs/S-2021.09-SP2/etc/uvm-1.2/tlm1/uvm_tlm.svh'.
Parsing included file '/fastone/softwares/synopsys/vcs/S-2021.09-SP2/etc/uvm-1.2/tlm1/uvm_sqr_connections.svh'.
Back to file '/fastone/softwares/synopsys/vcs/S-2021.09-SP2/etc/uvm-1.2/tlm1/uvm_tlm.svh'.
Back to file '/fastone/softwares/synopsys/vcs/S-2021.09-SP2/etc/uvm-1.2/uvm_pkg.sv'.
Parsing included file '/fastone/softwares/synopsys/vcs/S-2021.09-SP2/etc/uvm-1.2/comps/uvm_comps.svh'.
Parsing included file '/fastone/softwares/synopsys/vcs/S-2021.09-SP2/etc/uvm-1.2/comps/uvm_pair.svh'.
Back to file '/fastone/softwares/synopsys/vcs/S-2021.09-SP2/etc/uvm-1.2/comps/uvm_comps.svh'.
Parsing included file '/fastone/softwares/synopsys/vcs/S-2021.09-SP2/etc/uvm-1.2/comps/uvm_policies.svh'.
Back to file '/fastone/softwares/synopsys/vcs/S-2021.09-SP2/etc/uvm-1.2/comps/uvm_comps.svh'.
Parsing included file '/fastone/softwares/synopsys/vcs/S-2021.09-SP2/etc/uvm-1.2/comps/uvm_in_order_comparator.svh'.
Back to file '/fastone/softwares/synopsys/vcs/S-2021.09-SP2/etc/uvm-1.2/comps/uvm_comps.svh'.
Parsing included file '/fastone/softwares/synopsys/vcs/S-2021.09-SP2/etc/uvm-1.2/comps/uvm_algorithmic_comparator.svh'.
Back to file '/fastone/softwares/synopsys/vcs/S-2021.09-SP2/etc/uvm-1.2/comps/uvm_comps.svh'.
Parsing included file '/fastone/softwares/synopsys/vcs/S-2021.09-SP2/etc/uvm-1.2/comps/uvm_random_stimulus.svh'.
Back to file '/fastone/softwares/synopsys/vcs/S-2021.09-SP2/etc/uvm-1.2/comps/uvm_comps.svh'.
Parsing included file '/fastone/softwares/synopsys/vcs/S-2021.09-SP2/etc/uvm-1.2/comps/uvm_subscriber.svh'.
Back to file '/fastone/softwares/synopsys/vcs/S-2021.09-SP2/etc/uvm-1.2/comps/uvm_comps.svh'.
Parsing included file '/fastone/softwares/synopsys/vcs/S-2021.09-SP2/etc/uvm-1.2/comps/uvm_monitor.svh'.
Back to file '/fastone/softwares/synopsys/vcs/S-2021.09-SP2/etc/uvm-1.2/comps/uvm_comps.svh'.
Parsing included file '/fastone/softwares/synopsys/vcs/S-2021.09-SP2/etc/uvm-1.2/comps/uvm_driver.svh'.
Back to file '/fastone/softwares/synopsys/vcs/S-2021.09-SP2/etc/uvm-1.2/comps/uvm_comps.svh'.
Parsing included file '/fastone/softwares/synopsys/vcs/S-2021.09-SP2/etc/uvm-1.2/comps/uvm_push_driver.svh'.
Back to file '/fastone/softwares/synopsys/vcs/S-2021.09-SP2/etc/uvm-1.2/comps/uvm_comps.svh'.
Parsing included file '/fastone/softwares/synopsys/vcs/S-2021.09-SP2/etc/uvm-1.2/comps/uvm_scoreboard.svh'.
Back to file '/fastone/softwares/synopsys/vcs/S-2021.09-SP2/etc/uvm-1.2/comps/uvm_comps.svh'.
Parsing included file '/fastone/softwares/synopsys/vcs/S-2021.09-SP2/etc/uvm-1.2/comps/uvm_agent.svh'.
Back to file '/fastone/softwares/synopsys/vcs/S-2021.09-SP2/etc/uvm-1.2/comps/uvm_comps.svh'.
Parsing included file '/fastone/softwares/synopsys/vcs/S-2021.09-SP2/etc/uvm-1.2/comps/uvm_env.svh'.
Back to file '/fastone/softwares/synopsys/vcs/S-2021.09-SP2/etc/uvm-1.2/comps/uvm_comps.svh'.
Parsing included file '/fastone/softwares/synopsys/vcs/S-2021.09-SP2/etc/uvm-1.2/comps/uvm_test.svh'.
Back to file '/fastone/softwares/synopsys/vcs/S-2021.09-SP2/etc/uvm-1.2/comps/uvm_comps.svh'.
Back to file '/fastone/softwares/synopsys/vcs/S-2021.09-SP2/etc/uvm-1.2/uvm_pkg.sv'.
Parsing included file '/fastone/softwares/synopsys/vcs/S-2021.09-SP2/etc/uvm-1.2/seq/uvm_seq.svh'.
Parsing included file '/fastone/softwares/synopsys/vcs/S-2021.09-SP2/etc/uvm-1.2/seq/uvm_sequence_item.svh'.
Back to file '/fastone/softwares/synopsys/vcs/S-2021.09-SP2/etc/uvm-1.2/seq/uvm_seq.svh'.
Parsing included file '/fastone/softwares/synopsys/vcs/S-2021.09-SP2/etc/uvm-1.2/seq/uvm_sequencer_base.svh'.
Back to file '/fastone/softwares/synopsys/vcs/S-2021.09-SP2/etc/uvm-1.2/seq/uvm_seq.svh'.
Parsing included file '/fastone/softwares/synopsys/vcs/S-2021.09-SP2/etc/uvm-1.2/seq/uvm_sequencer_analysis_fifo.svh'.
Back to file '/fastone/softwares/synopsys/vcs/S-2021.09-SP2/etc/uvm-1.2/seq/uvm_seq.svh'.
Parsing included file '/fastone/softwares/synopsys/vcs/S-2021.09-SP2/etc/uvm-1.2/seq/uvm_sequencer_param_base.svh'.
Back to file '/fastone/softwares/synopsys/vcs/S-2021.09-SP2/etc/uvm-1.2/seq/uvm_seq.svh'.
Parsing included file '/fastone/softwares/synopsys/vcs/S-2021.09-SP2/etc/uvm-1.2/seq/uvm_sequencer.svh'.
Back to file '/fastone/softwares/synopsys/vcs/S-2021.09-SP2/etc/uvm-1.2/seq/uvm_seq.svh'.
Parsing included file '/fastone/softwares/synopsys/vcs/S-2021.09-SP2/etc/uvm-1.2/seq/uvm_push_sequencer.svh'.
Back to file '/fastone/softwares/synopsys/vcs/S-2021.09-SP2/etc/uvm-1.2/seq/uvm_seq.svh'.
Parsing included file '/fastone/softwares/synopsys/vcs/S-2021.09-SP2/etc/uvm-1.2/seq/uvm_sequence_base.svh'.
Back to file '/fastone/softwares/synopsys/vcs/S-2021.09-SP2/etc/uvm-1.2/seq/uvm_seq.svh'.
Parsing included file '/fastone/softwares/synopsys/vcs/S-2021.09-SP2/etc/uvm-1.2/seq/uvm_sequence.svh'.
Back to file '/fastone/softwares/synopsys/vcs/S-2021.09-SP2/etc/uvm-1.2/seq/uvm_seq.svh'.
Parsing included file '/fastone/softwares/synopsys/vcs/S-2021.09-SP2/etc/uvm-1.2/seq/uvm_sequence_library.svh'.
Back to file '/fastone/softwares/synopsys/vcs/S-2021.09-SP2/etc/uvm-1.2/seq/uvm_seq.svh'.
Parsing included file '/fastone/softwares/synopsys/vcs/S-2021.09-SP2/etc/uvm-1.2/seq/uvm_sequence_builtin.svh'.
Back to file '/fastone/softwares/synopsys/vcs/S-2021.09-SP2/etc/uvm-1.2/seq/uvm_seq.svh'.
Back to file '/fastone/softwares/synopsys/vcs/S-2021.09-SP2/etc/uvm-1.2/uvm_pkg.sv'.
Parsing included file '/fastone/softwares/synopsys/vcs/S-2021.09-SP2/etc/uvm-1.2/tlm2/uvm_tlm2.svh'.
Parsing included file '/fastone/softwares/synopsys/vcs/S-2021.09-SP2/etc/uvm-1.2/tlm2/uvm_tlm2_defines.svh'.
Back to file '/fastone/softwares/synopsys/vcs/S-2021.09-SP2/etc/uvm-1.2/tlm2/uvm_tlm2.svh'.
Parsing included file '/fastone/softwares/synopsys/vcs/S-2021.09-SP2/etc/uvm-1.2/tlm2/uvm_tlm2_time.svh'.
Back to file '/fastone/softwares/synopsys/vcs/S-2021.09-SP2/etc/uvm-1.2/tlm2/uvm_tlm2.svh'.
Parsing included file '/fastone/softwares/synopsys/vcs/S-2021.09-SP2/etc/uvm-1.2/tlm2/uvm_tlm2_generic_payload.svh'.
Back to file '/fastone/softwares/synopsys/vcs/S-2021.09-SP2/etc/uvm-1.2/tlm2/uvm_tlm2.svh'.
Parsing included file '/fastone/softwares/synopsys/vcs/S-2021.09-SP2/etc/uvm-1.2/tlm2/uvm_tlm2_ifs.svh'.
Back to file '/fastone/softwares/synopsys/vcs/S-2021.09-SP2/etc/uvm-1.2/tlm2/uvm_tlm2.svh'.
Parsing included file '/fastone/softwares/synopsys/vcs/S-2021.09-SP2/etc/uvm-1.2/tlm2/uvm_tlm2_imps.svh'.
Back to file '/fastone/softwares/synopsys/vcs/S-2021.09-SP2/etc/uvm-1.2/tlm2/uvm_tlm2.svh'.
Parsing included file '/fastone/softwares/synopsys/vcs/S-2021.09-SP2/etc/uvm-1.2/tlm2/uvm_tlm2_ports.svh'.
Back to file '/fastone/softwares/synopsys/vcs/S-2021.09-SP2/etc/uvm-1.2/tlm2/uvm_tlm2.svh'.
Parsing included file '/fastone/softwares/synopsys/vcs/S-2021.09-SP2/etc/uvm-1.2/tlm2/uvm_tlm2_exports.svh'.
Back to file '/fastone/softwares/synopsys/vcs/S-2021.09-SP2/etc/uvm-1.2/tlm2/uvm_tlm2.svh'.
Parsing included file '/fastone/softwares/synopsys/vcs/S-2021.09-SP2/etc/uvm-1.2/tlm2/uvm_tlm2_sockets_base.svh'.
Back to file '/fastone/softwares/synopsys/vcs/S-2021.09-SP2/etc/uvm-1.2/tlm2/uvm_tlm2.svh'.
Parsing included file '/fastone/softwares/synopsys/vcs/S-2021.09-SP2/etc/uvm-1.2/tlm2/uvm_tlm2_sockets.svh'.
Back to file '/fastone/softwares/synopsys/vcs/S-2021.09-SP2/etc/uvm-1.2/tlm2/uvm_tlm2.svh'.
Back to file '/fastone/softwares/synopsys/vcs/S-2021.09-SP2/etc/uvm-1.2/uvm_pkg.sv'.
Parsing included file '/fastone/softwares/synopsys/vcs/S-2021.09-SP2/etc/uvm-1.2/reg/uvm_reg_model.svh'.
Parsing included file '/fastone/softwares/synopsys/vcs/S-2021.09-SP2/etc/uvm-1.2/reg/uvm_reg_item.svh'.
Back to file '/fastone/softwares/synopsys/vcs/S-2021.09-SP2/etc/uvm-1.2/reg/uvm_reg_model.svh'.
Parsing included file '/fastone/softwares/synopsys/vcs/S-2021.09-SP2/etc/uvm-1.2/reg/uvm_reg_adapter.svh'.
Back to file '/fastone/softwares/synopsys/vcs/S-2021.09-SP2/etc/uvm-1.2/reg/uvm_reg_model.svh'.
Parsing included file '/fastone/softwares/synopsys/vcs/S-2021.09-SP2/etc/uvm-1.2/reg/uvm_reg_predictor.svh'.
Back to file '/fastone/softwares/synopsys/vcs/S-2021.09-SP2/etc/uvm-1.2/reg/uvm_reg_model.svh'.
Parsing included file '/fastone/softwares/synopsys/vcs/S-2021.09-SP2/etc/uvm-1.2/reg/uvm_reg_sequence.svh'.
Back to file '/fastone/softwares/synopsys/vcs/S-2021.09-SP2/etc/uvm-1.2/reg/uvm_reg_model.svh'.
Parsing included file '/fastone/softwares/synopsys/vcs/S-2021.09-SP2/etc/uvm-1.2/reg/uvm_reg_cbs.svh'.
Back to file '/fastone/softwares/synopsys/vcs/S-2021.09-SP2/etc/uvm-1.2/reg/uvm_reg_model.svh'.
Parsing included file '/fastone/softwares/synopsys/vcs/S-2021.09-SP2/etc/uvm-1.2/reg/uvm_reg_backdoor.svh'.
Back to file '/fastone/softwares/synopsys/vcs/S-2021.09-SP2/etc/uvm-1.2/reg/uvm_reg_model.svh'.
Parsing included file '/fastone/softwares/synopsys/vcs/S-2021.09-SP2/etc/uvm-1.2/reg/uvm_reg_field.svh'.
Back to file '/fastone/softwares/synopsys/vcs/S-2021.09-SP2/etc/uvm-1.2/reg/uvm_reg_model.svh'.
Parsing included file '/fastone/softwares/synopsys/vcs/S-2021.09-SP2/etc/uvm-1.2/reg/uvm_vreg_field.svh'.
Back to file '/fastone/softwares/synopsys/vcs/S-2021.09-SP2/etc/uvm-1.2/reg/uvm_reg_model.svh'.
Parsing included file '/fastone/softwares/synopsys/vcs/S-2021.09-SP2/etc/uvm-1.2/reg/uvm_reg.svh'.
Back to file '/fastone/softwares/synopsys/vcs/S-2021.09-SP2/etc/uvm-1.2/reg/uvm_reg_model.svh'.
Parsing included file '/fastone/softwares/synopsys/vcs/S-2021.09-SP2/etc/uvm-1.2/reg/uvm_reg_indirect.svh'.
Back to file '/fastone/softwares/synopsys/vcs/S-2021.09-SP2/etc/uvm-1.2/reg/uvm_reg_model.svh'.
Parsing included file '/fastone/softwares/synopsys/vcs/S-2021.09-SP2/etc/uvm-1.2/reg/uvm_reg_fifo.svh'.
Back to file '/fastone/softwares/synopsys/vcs/S-2021.09-SP2/etc/uvm-1.2/reg/uvm_reg_model.svh'.
Parsing included file '/fastone/softwares/synopsys/vcs/S-2021.09-SP2/etc/uvm-1.2/reg/uvm_reg_file.svh'.
Back to file '/fastone/softwares/synopsys/vcs/S-2021.09-SP2/etc/uvm-1.2/reg/uvm_reg_model.svh'.
Parsing included file '/fastone/softwares/synopsys/vcs/S-2021.09-SP2/etc/uvm-1.2/reg/uvm_mem_mam.svh'.
Back to file '/fastone/softwares/synopsys/vcs/S-2021.09-SP2/etc/uvm-1.2/reg/uvm_reg_model.svh'.
Parsing included file '/fastone/softwares/synopsys/vcs/S-2021.09-SP2/etc/uvm-1.2/reg/uvm_vreg.svh'.
Back to file '/fastone/softwares/synopsys/vcs/S-2021.09-SP2/etc/uvm-1.2/reg/uvm_reg_model.svh'.
Parsing included file '/fastone/softwares/synopsys/vcs/S-2021.09-SP2/etc/uvm-1.2/reg/uvm_mem.svh'.
Back to file '/fastone/softwares/synopsys/vcs/S-2021.09-SP2/etc/uvm-1.2/reg/uvm_reg_model.svh'.
Parsing included file '/fastone/softwares/synopsys/vcs/S-2021.09-SP2/etc/uvm-1.2/reg/uvm_reg_map.svh'.
Back to file '/fastone/softwares/synopsys/vcs/S-2021.09-SP2/etc/uvm-1.2/reg/uvm_reg_model.svh'.
Parsing included file '/fastone/softwares/synopsys/vcs/S-2021.09-SP2/etc/uvm-1.2/reg/uvm_reg_block.svh'.
Back to file '/fastone/softwares/synopsys/vcs/S-2021.09-SP2/etc/uvm-1.2/reg/uvm_reg_model.svh'.
Parsing included file '/fastone/softwares/synopsys/vcs/S-2021.09-SP2/etc/uvm-1.2/reg/sequences/uvm_reg_hw_reset_seq.svh'.
Back to file '/fastone/softwares/synopsys/vcs/S-2021.09-SP2/etc/uvm-1.2/reg/uvm_reg_model.svh'.
Parsing included file '/fastone/softwares/synopsys/vcs/S-2021.09-SP2/etc/uvm-1.2/reg/sequences/uvm_reg_bit_bash_seq.svh'.
Back to file '/fastone/softwares/synopsys/vcs/S-2021.09-SP2/etc/uvm-1.2/reg/uvm_reg_model.svh'.
Parsing included file '/fastone/softwares/synopsys/vcs/S-2021.09-SP2/etc/uvm-1.2/reg/sequences/uvm_mem_walk_seq.svh'.
Back to file '/fastone/softwares/synopsys/vcs/S-2021.09-SP2/etc/uvm-1.2/reg/uvm_reg_model.svh'.
Parsing included file '/fastone/softwares/synopsys/vcs/S-2021.09-SP2/etc/uvm-1.2/reg/sequences/uvm_mem_access_seq.svh'.
Back to file '/fastone/softwares/synopsys/vcs/S-2021.09-SP2/etc/uvm-1.2/reg/uvm_reg_model.svh'.
Parsing included file '/fastone/softwares/synopsys/vcs/S-2021.09-SP2/etc/uvm-1.2/reg/sequences/uvm_reg_access_seq.svh'.
Back to file '/fastone/softwares/synopsys/vcs/S-2021.09-SP2/etc/uvm-1.2/reg/uvm_reg_model.svh'.
Parsing included file '/fastone/softwares/synopsys/vcs/S-2021.09-SP2/etc/uvm-1.2/reg/sequences/uvm_reg_mem_shared_access_seq.svh'.
Back to file '/fastone/softwares/synopsys/vcs/S-2021.09-SP2/etc/uvm-1.2/reg/uvm_reg_model.svh'.
Parsing included file '/fastone/softwares/synopsys/vcs/S-2021.09-SP2/etc/uvm-1.2/reg/sequences/uvm_reg_mem_built_in_seq.svh'.
Back to file '/fastone/softwares/synopsys/vcs/S-2021.09-SP2/etc/uvm-1.2/reg/uvm_reg_model.svh'.
Parsing included file '/fastone/softwares/synopsys/vcs/S-2021.09-SP2/etc/uvm-1.2/reg/sequences/uvm_reg_mem_hdl_paths_seq.svh'.
Back to file '/fastone/softwares/synopsys/vcs/S-2021.09-SP2/etc/uvm-1.2/reg/uvm_reg_model.svh'.
Parsing included file '/fastone/softwares/synopsys/vcs/S-2021.09-SP2/etc/uvm-1.2/reg/snps_uvm_reg_bank.svh'.
Back to file '/fastone/softwares/synopsys/vcs/S-2021.09-SP2/etc/uvm-1.2/reg/uvm_reg_model.svh'.
Back to file '/fastone/softwares/synopsys/vcs/S-2021.09-SP2/etc/uvm-1.2/uvm_pkg.sv'.
Parsing included file '/fastone/softwares/synopsys/vcs/S-2021.09-SP2/etc/uvm-1.2/vcs/vcs_uvm_alt.sv'.
Back to file '/fastone/softwares/synopsys/vcs/S-2021.09-SP2/etc/uvm-1.2/uvm_pkg.sv'.
Parsing design file '/fastone/softwares/synopsys/vcs/S-2021.09-SP2/etc/uvm-1.2/vcs/uvm_custom_install_vcs_recorder.sv'
Parsing included file '/fastone/softwares/synopsys/vcs/S-2021.09-SP2/etc/uvm-1.2/vcs/msglog.svh'.
Back to file '/fastone/softwares/synopsys/vcs/S-2021.09-SP2/etc/uvm-1.2/vcs/uvm_custom_install_vcs_recorder.sv'.
Parsing included file '/fastone/softwares/synopsys/vcs/S-2021.09-SP2/etc/uvm-1.2/vcs/uvm_msglog_report_server.sv'.
Back to file '/fastone/softwares/synopsys/vcs/S-2021.09-SP2/etc/uvm-1.2/vcs/uvm_custom_install_vcs_recorder.sv'.
Parsing included file '/fastone/softwares/synopsys/vcs/S-2021.09-SP2/etc/uvm-1.2/vcs/uvm_vcs_recorder.svh'.
Parsing included file '/fastone/softwares/synopsys/vcs/S-2021.09-SP2/etc/uvm-1.2/vcs/uvm_vcs_tr_database.svh'.
Parsing included file '/fastone/softwares/synopsys/vcs/S-2021.09-SP2/etc/uvm-1.2/vcs/uvm_vcs_tr_stream.svh'.
Back to file '/fastone/softwares/synopsys/vcs/S-2021.09-SP2/etc/uvm-1.2/vcs/uvm_vcs_tr_database.svh'.
Back to file '/fastone/softwares/synopsys/vcs/S-2021.09-SP2/etc/uvm-1.2/vcs/uvm_vcs_recorder.svh'.
Back to file '/fastone/softwares/synopsys/vcs/S-2021.09-SP2/etc/uvm-1.2/vcs/uvm_custom_install_vcs_recorder.sv'.
Parsing included file '/fastone/softwares/synopsys/vcs/S-2021.09-SP2/etc/uvm-1.2/vcs/uvm_vcs_record_interface.sv'.
Back to file '/fastone/softwares/synopsys/vcs/S-2021.09-SP2/etc/uvm-1.2/vcs/uvm_custom_install_vcs_recorder.sv'.
Parsing design file '/fastone/softwares/synopsys/vcs/S-2021.09-SP2/etc/uvm-1.2/verdi/uvm_custom_install_verdi_recorder.sv'
Parsing included file '/fastone/softwares/synopsys/vcs/S-2021.09-SP2/etc/uvm-1.2/uvm_macros.svh'.
Back to file '/fastone/softwares/synopsys/vcs/S-2021.09-SP2/etc/uvm-1.2/verdi/uvm_custom_install_verdi_recorder.sv'.
Parsing included file '/fastone/softwares/synopsys/vcs/S-2021.09-SP2/etc/uvm-1.2/verdi/uvm_verdi_recorder.svh'.
Parsing included file '/fastone/softwares/synopsys/vcs/S-2021.09-SP2/etc/uvm-1.2/verdi/uvm_verdi_pli_base.svh'.
Back to file '/fastone/softwares/synopsys/vcs/S-2021.09-SP2/etc/uvm-1.2/verdi/uvm_verdi_recorder.svh'.
Parsing included file '/fastone/softwares/synopsys/vcs/S-2021.09-SP2/etc/uvm-1.2/verdi/uvm_verdi_tr_database.svh'.
Parsing included file '/fastone/softwares/synopsys/vcs/S-2021.09-SP2/etc/uvm-1.2/verdi/uvm_verdi_tr_stream.svh'.
Back to file '/fastone/softwares/synopsys/vcs/S-2021.09-SP2/etc/uvm-1.2/verdi/uvm_verdi_tr_database.svh'.
Back to file '/fastone/softwares/synopsys/vcs/S-2021.09-SP2/etc/uvm-1.2/verdi/uvm_verdi_recorder.svh'.
Back to file '/fastone/softwares/synopsys/vcs/S-2021.09-SP2/etc/uvm-1.2/verdi/uvm_custom_install_verdi_recorder.sv'.
Parsing included file '/fastone/softwares/synopsys/vcs/S-2021.09-SP2/etc/uvm-1.2/verdi/uvm_verdi_reg_map_recording.sv'.
Back to file '/fastone/softwares/synopsys/vcs/S-2021.09-SP2/etc/uvm-1.2/verdi/uvm_custom_install_verdi_recorder.sv'.
Parsing included file '/fastone/softwares/synopsys/vcs/S-2021.09-SP2/etc/uvm-1.2/verdi/uvm_verdi_message_catcher.svh'.
Parsing included file '/fastone/softwares/synopsys/vcs/S-2021.09-SP2/etc/uvm-1.2/verdi/uvm_verdi_pli_base.svh'.
Back to file '/fastone/softwares/synopsys/vcs/S-2021.09-SP2/etc/uvm-1.2/verdi/uvm_verdi_message_catcher.svh'.
Back to file '/fastone/softwares/synopsys/vcs/S-2021.09-SP2/etc/uvm-1.2/verdi/uvm_custom_install_verdi_recorder.sv'.
Parsing included file '/fastone/softwares/synopsys/vcs/S-2021.09-SP2/etc/uvm-1.2/verdi/uvm_verdi_factory.svh'.
Back to file '/fastone/softwares/synopsys/vcs/S-2021.09-SP2/etc/uvm-1.2/verdi/uvm_custom_install_verdi_recorder.sv'.
Parsing included file '/fastone/softwares/synopsys/vcs/S-2021.09-SP2/etc/uvm-1.2/verdi/./dpi/uvm_verdi_dpi.svh'.
Back to file '/fastone/softwares/synopsys/vcs/S-2021.09-SP2/etc/uvm-1.2/verdi/uvm_custom_install_verdi_recorder.sv'.
Parsing included file '/fastone/softwares/synopsys/vcs/S-2021.09-SP2/etc/uvm-1.2/verdi/uvm_verdi_reg_recording.sv'.
Back to file '/fastone/softwares/synopsys/vcs/S-2021.09-SP2/etc/uvm-1.2/verdi/uvm_custom_install_verdi_recorder.sv'.
Parsing included file '/fastone/softwares/synopsys/verdi/T-2022.06/share/PLI/VCS/include/verdi_trans_recorder_dpi.svh'.
Back to file '/fastone/softwares/synopsys/vcs/S-2021.09-SP2/etc/uvm-1.2/verdi/uvm_custom_install_verdi_recorder.sv'.
Parsing included file '/fastone/softwares/synopsys/vcs/S-2021.09-SP2/etc/uvm-1.2/verdi/uvm_verdi_pli.svh'.
Back to file '/fastone/softwares/synopsys/vcs/S-2021.09-SP2/etc/uvm-1.2/verdi/uvm_custom_install_verdi_recorder.sv'.
Parsing design file '/fastone/softwares/synopsys/vcs/S-2021.09-SP2/etc/uvm-1.2/verdi/uvm_custom_install_verdi_recorder.sv'
Parsing design file '/fastone/users/shibin.lu/dv_bachcore/st/sim_rtl/uvm_tb/memory_backdoor/src/memory_backdoor_pkg.sv'
Parsing included file '/fastone/softwares/synopsys/vcs/S-2021.09-SP2/etc/uvm-1.2/uvm_macros.svh'.
Back to file '/fastone/users/shibin.lu/dv_bachcore/st/sim_rtl/uvm_tb/memory_backdoor/src/memory_backdoor_pkg.sv'.
Parsing design file '/fastone/users/shibin.lu/dv_bachcore/st/sim_rtl/uvm_tb/memory_backdoor/work/file_init/generated/sram_geometry_pkg.sv'
Parsing design file '/fastone/users/shibin.lu/dv_bachcore/st/sim_rtl/uvm_tb/memory_backdoor/third_party/tech_cells_generic/tc_sram.sv'
Parsing design file '/fastone/users/shibin.lu/dv_bachcore/st/sim_rtl/uvm_tb/memory_backdoor/examples/interleaved_sram.sv'
Parsing design file '/fastone/users/shibin.lu/dv_bachcore/st/sim_rtl/uvm_tb/memory_backdoor/src/memory_reference_component_pkg.sv'
Parsing included file '/fastone/softwares/synopsys/vcs/S-2021.09-SP2/etc/uvm-1.2/uvm_macros.svh'.
Back to file '/fastone/users/shibin.lu/dv_bachcore/st/sim_rtl/uvm_tb/memory_backdoor/src/memory_reference_component_pkg.sv'.
Parsing design file '/fastone/users/shibin.lu/dv_bachcore/st/sim_rtl/uvm_tb/memory_backdoor/src/memory_scoreboard_component_pkg.sv'
Parsing included file '/fastone/softwares/synopsys/vcs/S-2021.09-SP2/etc/uvm-1.2/uvm_macros.svh'.
Back to file '/fastone/users/shibin.lu/dv_bachcore/st/sim_rtl/uvm_tb/memory_backdoor/src/memory_scoreboard_component_pkg.sv'.
Parsing design file '/fastone/users/shibin.lu/dv_bachcore/st/sim_rtl/uvm_tb/memory_backdoor/src/memory_backdoor_operation_pkg.sv'
Parsing included file '/fastone/softwares/synopsys/vcs/S-2021.09-SP2/etc/uvm-1.2/uvm_macros.svh'.
Back to file '/fastone/users/shibin.lu/dv_bachcore/st/sim_rtl/uvm_tb/memory_backdoor/src/memory_backdoor_operation_pkg.sv'.
Parsing design file '/fastone/users/shibin.lu/dv_bachcore/st/sim_rtl/uvm_tb/memory_backdoor/examples/dut.sv'
Parsing design file '/fastone/users/shibin.lu/dv_bachcore/st/sim_rtl/uvm_tb/memory_backdoor/testcase/file_init_testcase.sv'
Parsing included file '/fastone/softwares/synopsys/vcs/S-2021.09-SP2/etc/uvm-1.2/uvm_macros.svh'.
Back to file '/fastone/users/shibin.lu/dv_bachcore/st/sim_rtl/uvm_tb/memory_backdoor/testcase/file_init_testcase.sv'.
Parsing design file '/fastone/users/shibin.lu/dv_bachcore/st/sim_rtl/uvm_tb/memory_backdoor/examples/tb_top.sv'
Top Level Modules:
       uvm_custom_install_recording
       uvm_custom_install_verdi_recording
       tc_sram_blackbox
       tb_top
TimeScale is 1 ns / 1 ps
Starting vcs inline pass...

15 modules and 0 UDP read.
recompiling package vcs_paramclassrepository
recompiling package _vcs_DPI_package
recompiling package uvm_pkg
recompiling package _vcs_msglog
recompiling module uvm_custom_install_recording
recompiling module uvm_custom_install_verdi_recording
recompiling package memory_backdoor_pkg
recompiling package sram_geometry_pkg
recompiling module tc_sram
recompiling module tc_sram_blackbox
recompiling package memory_reference_component_pkg
recompiling package memory_scoreboard_component_pkg
recompiling package memory_backdoor_operation_pkg
recompiling package file_init_testcase_pkg
recompiling module tb_top
All of 15 modules done
make[2]: Warning: File `filelist.hsopt.llvm2_0.objs' has modification time 17 s in the future
make[2]: warning:  Clock skew detected.  Your build may be incomplete.
make[2]: Warning: File `filelist.cu' has modification time 17 s in the future
make[3]: Warning: File `filelist.cu' has modification time 17 s in the future
rm -f _cuarc*.so _csrc*.so pre_vcsobj_*.so share_vcsobj_*.so
make[3]: warning:  Clock skew detected.  Your build may be incomplete.
make[3]: Warning: File `filelist.cu' has modification time 17 s in the future
g++ -w  -pipe -DVCSMX -DUVM_DPI_DO_TYPE_CHECK -fPIC -O -I/fastone/softwares/synopsys/vcs/S-2021.09-SP2/include    -c /fastone/softwares/synopsys/vcs/S-2021.09-SP2/etc/uvm-1.2/dpi/uvm_dpi.cc
g++ -w  -pipe -DVCSMX -DUVM_DPI_DO_TYPE_CHECK -fPIC -O -I/fastone/softwares/synopsys/vcs/S-2021.09-SP2/include    -c /fastone/softwares/synopsys/vcs/S-2021.09-SP2/etc/uvm-1.2/verdi/dpi/uvm_verdi_dpi.cpp
make[3]: warning:  Clock skew detected.  Your build may be incomplete.
if [ -x ../simv ]; then chmod a-x ../simv; fi
g++  -o ../simv      -rdynamic  -Wl,-rpath='$ORIGIN'/simv.daidir -Wl,-rpath=./simv.daidir -Wl,-rpath=/fastone/softwares/synopsys/vcs/S-2021.09-SP2/linux64/lib -L/fastone/softwares/synopsys/vcs/S-2021.09-SP2/linux64/lib  -Wl,-rpath-link=./  uvm_dpi.o uvm_verdi_dpi.o   objs/amcQw_d.o   _3935166_archive_1.so  SIM_l.o      rmapats_mop.o rmapats.o rmar.o rmar_nd.o  rmar_llvm_0_1.o rmar_llvm_0_0.o           -lnuma -lvirsim -lerrorinf -lsnpsmalloc -lvfs /fastone/softwares/synopsys/verdi/T-2022.06/share/PLI/VCS/LINUX64/pli.a    -lvcsnew -lsimprofile -luclinative /fastone/softwares/synopsys/vcs/S-2021.09-SP2/linux64/lib/vcs_tls.o   -Wl,-whole-archive  -lvcsucli    -Wl,-no-whole-archive       ./../simv.daidir/vc_hdrs.o  _vcs_pli_stub_.o   /fastone/softwares/synopsys/vcs/S-2021.09-SP2/linux64/lib/vcs_save_restore_new.o /fastone/softwares/synopsys/verdi/T-2022.06/share/PLI/VCS/LINUX64/pli.a -ldl -lm  -lc -lpthread -ldl 
../simv up to date
make[2]: warning:  Clock skew detected.  Your build may be incomplete.
CPU time: 9.424 seconds to compile + .183 seconds to elab + .505 seconds to link
Verdi KDB elaboration done and the database successfully generated: 0 error(s), 0 warning(s)
Chronologic VCS simulator copyright 1991-2021
Contains Synopsys proprietary information.
Compiler version S-2021.09-SP2_Full64; Runtime version S-2021.09-SP2_Full64;  Sep  2 10:10 2026
RESET_ASSERTED
*Verdi* Loading libsscore_vcs202109.so
FSDB Dumper for VCS, Release Verdi_T-2022.06, Linux x86_64/64bit, 05/29/2022
(C) 1996 - 2022 by Synopsys, Inc.
*Verdi* : Create FSDB file 'file_init.fsdb'
*Verdi* : Begin traversing the scope (tb_top), layer (0).
*Verdi* : End of traversing.
*Verdi* : Begin traversing the MDAs, layer (0).
*Verdi* : Enable +mda and +packedmda dumping.
*Verdi* : End of traversing the MDAs.
FSDB_DUMP_ENABLED file=file_init.fsdb
MEMORY_BACKDOOR_TOPOLOGY srams=1 banks_per_sram=4 targets=4 address_interleave=1 mapping=block_interleave interleave_bytes=4 interleave_words=1
MEMORY_BACKDOOR_TARGET index=0 sram=0 bank=0 path=tb_top.dut.gen_sram[0].u_interleaved_sram.gen_bank[0].u_sram.sram rows=512 mapping=block_interleave first_block_word=0 block_words=1 block_stride=4 width=32
MEMORY_BACKDOOR_TARGET index=1 sram=0 bank=1 path=tb_top.dut.gen_sram[0].u_interleaved_sram.gen_bank[1].u_sram.sram rows=512 mapping=block_interleave first_block_word=1 block_words=1 block_stride=4 width=32
MEMORY_BACKDOOR_TARGET index=2 sram=0 bank=2 path=tb_top.dut.gen_sram[0].u_interleaved_sram.gen_bank[2].u_sram.sram rows=512 mapping=block_interleave first_block_word=2 block_words=1 block_stride=4 width=32
MEMORY_BACKDOOR_TARGET index=3 sram=0 bank=3 path=tb_top.dut.gen_sram[0].u_interleaved_sram.gen_bank[3].u_sram.sram rows=512 mapping=block_interleave first_block_word=3 block_words=1 block_stride=4 width=32
MEMORY_BACKDOOR_TESTCASE_SELECTED name=file_init
SRAM_ADDRESS_GEOMETRY sram=0 banks=4 rows_per_bank=512 total_words=2048 bytes=8192 address_interleave=1 interleave_words=1 mapping=block_interleave instance=tb_top.dut.gen_sram[0].u_interleaved_sram
SRAM_WAVE_VIEW sram=0 base_byte_address=0x0 end_byte_address=0x1fff word_bytes=4 data=tb_top.dut.gen_sram[0].u_interleaved_sram.sram_view_data address=tb_top.dut.gen_sram[0].u_interleaved_sram.sram_view_byte_address bank=tb_top.dut.gen_sram[0].u_interleaved_sram.sram_view_bank row=tb_top.dut.gen_sram[0].u_interleaved_sram.sram_view_bank_row
SRAM_ADDRESS_BANK sram=0 bank=0 rows=512 mapping=block_interleave first_block_word=0 block_words=1 block_stride=4 path=tb_top.dut.gen_sram[0].u_interleaved_sram.gen_bank[0].u_sram.sram
SRAM_ADDRESS_BANK sram=0 bank=1 rows=512 mapping=block_interleave first_block_word=1 block_words=1 block_stride=4 path=tb_top.dut.gen_sram[0].u_interleaved_sram.gen_bank[1].u_sram.sram
SRAM_ADDRESS_BANK sram=0 bank=2 rows=512 mapping=block_interleave first_block_word=2 block_words=1 block_stride=4 path=tb_top.dut.gen_sram[0].u_interleaved_sram.gen_bank[2].u_sram.sram
SRAM_ADDRESS_BANK sram=0 bank=3 rows=512 mapping=block_interleave first_block_word=3 block_words=1 block_stride=4 path=tb_top.dut.gen_sram[0].u_interleaved_sram.gen_bank[3].u_sram.sram
RESET_DEASSERTED time=10 ns
MEMORY_BACKDOOR_TESTCASE_ON_RESET_RELEASE name=file_init
MEMORY_BACKDOOR_OPERATION_SELECTED testcase=file_init operation=file_init
MEMORY_BACKDOOR_BANK_FILE_INIT_ZERO_TIME_PASS sram=0 bank=0 start_row=64 words=16 file=/fastone/users/shibin.lu/dv_bachcore/st/sim_rtl/uvm_tb/memory_backdoor/config/file_init/file_init_sram0_bank0.hex time=10 ns
FILE_INIT_BANK_RECORD_READY file=/fastone/users/shibin.lu/dv_bachcore/st/sim_rtl/uvm_tb/memory_backdoor/work/file_init/data/file_init_bank0_record.txt bank=0 start_row=64 words=16 compare=0
MEMORY_BACKDOOR_BANK_FILE_INIT_ZERO_TIME_PASS sram=0 bank=1 start_row=128 words=16 file=/fastone/users/shibin.lu/dv_bachcore/st/sim_rtl/uvm_tb/memory_backdoor/config/file_init/file_init_sram0_bank1.hex time=10 ns
FILE_INIT_BANK_RECORD_READY file=/fastone/users/shibin.lu/dv_bachcore/st/sim_rtl/uvm_tb/memory_backdoor/work/file_init/data/file_init_bank1_record.txt bank=1 start_row=128 words=16 compare=0
MEMORY_BACKDOOR_BANK_FILE_INIT_ZERO_TIME_PASS sram=0 bank=2 start_row=0 words=16 file=/fastone/users/shibin.lu/dv_bachcore/st/sim_rtl/uvm_tb/memory_backdoor/config/file_init/file_init_sram0_bank2.hex time=10 ns
FILE_INIT_BANK_RECORD_READY file=/fastone/users/shibin.lu/dv_bachcore/st/sim_rtl/uvm_tb/memory_backdoor/work/file_init/data/file_init_bank2_record.txt bank=2 start_row=0 words=16 compare=0
MEMORY_BACKDOOR_BANK_FILE_INIT_ZERO_TIME_PASS sram=0 bank=3 start_row=0 words=16 file=/fastone/users/shibin.lu/dv_bachcore/st/sim_rtl/uvm_tb/memory_backdoor/config/file_init/file_init_sram0_bank3.hex time=10 ns
FILE_INIT_BANK_RECORD_READY file=/fastone/users/shibin.lu/dv_bachcore/st/sim_rtl/uvm_tb/memory_backdoor/work/file_init/data/file_init_bank3_record.txt bank=3 start_row=0 words=16 compare=0
FILE_INIT_PASS srams=1 banks=4 words=64 compare=0 record_prefix=/fastone/users/shibin.lu/dv_bachcore/st/sim_rtl/uvm_tb/memory_backdoor/work/file_init/data/file_init mapping=physical_bank_file
MEMORY_BACKDOOR_EXAMPLE_PASS testcase=file_init time=100 ns
$finish called from file "/fastone/users/shibin.lu/dv_bachcore/st/sim_rtl/uvm_tb/memory_backdoor/examples/tb_top.sv", line 475.
$finish at simulation time               100000
           V C S   S i m u l a t i o n   R e p o r t 
Time: 100000 ps
CPU Time:      0.240 seconds;       Data structure size:   0.7Mb
Wed Sep  2 10:10:18 2026
PASS file_init -> /fastone/users/shibin.lu/dv_bachcore/st/sim_rtl/uvm_tb/memory_backdoor/work/file_init (WAVA=1)
BANK_RECORD_VALID file=/fastone/users/shibin.lu/dv_bachcore/st/sim_rtl/uvm_tb/memory_backdoor/work/file_init/data/file_init_bank0_record.txt sram=0 bank=0 rows=16 allow_skip=1
BANK_RECORD_VALID file=/fastone/users/shibin.lu/dv_bachcore/st/sim_rtl/uvm_tb/memory_backdoor/work/file_init/data/file_init_bank1_record.txt sram=0 bank=1 rows=16 allow_skip=1
BANK_RECORD_VALID file=/fastone/users/shibin.lu/dv_bachcore/st/sim_rtl/uvm_tb/memory_backdoor/work/file_init/data/file_init_bank2_record.txt sram=0 bank=2 rows=16 allow_skip=1
BANK_RECORD_VALID file=/fastone/users/shibin.lu/dv_bachcore/st/sim_rtl/uvm_tb/memory_backdoor/work/file_init/data/file_init_bank3_record.txt sram=0 bank=3 rows=16 allow_skip=1
                         Chronologic VCS (TM)
       Version S-2021.09-SP2_Full64 -- Wed Sep  2 10:10:20 2026

                    Copyright (c) 1991 - 2022 Synopsys, Inc.
   This software and the associated documentation are proprietary to Synopsys,
 Inc. This software may only be used in accordance with the terms and conditions
 of a written license agreement with Synopsys, Inc. All other use, reproduction,
   or distribution of this software is strictly prohibited.  Licensed Products
     communicate with Synopsys servers for the purpose of providing software
    updates, detecting software piracy and verifying that customers are using
    Licensed Products in conformity with the applicable License Key for such
  Licensed Products. Synopsys will use information gathered in connection with
    this process to deliver software updates and pursue software pirates and
                                   infringers.

 Inclusivity & Diversity - Visit SolvNetPlus to read the "Synopsys Statement on
            Inclusivity and Diversity" (Refer to article 000036315 at
                        https://solvnetplus.synopsys.com)

Parsing design file '/fastone/softwares/synopsys/vcs/S-2021.09-SP2/etc/uvm-1.2/uvm_pkg.sv'
Parsing included file '/fastone/softwares/synopsys/vcs/S-2021.09-SP2/etc/uvm-1.2/uvm_macros.svh'.
Parsing included file '/fastone/softwares/synopsys/vcs/S-2021.09-SP2/etc/uvm-1.2/macros/uvm_version_defines.svh'.
Back to file '/fastone/softwares/synopsys/vcs/S-2021.09-SP2/etc/uvm-1.2/uvm_macros.svh'.
Parsing included file '/fastone/softwares/synopsys/vcs/S-2021.09-SP2/etc/uvm-1.2/macros/uvm_global_defines.svh'.
Back to file '/fastone/softwares/synopsys/vcs/S-2021.09-SP2/etc/uvm-1.2/uvm_macros.svh'.
Parsing included file '/fastone/softwares/synopsys/vcs/S-2021.09-SP2/etc/uvm-1.2/macros/snps_macros.svp'.
Back to file '/fastone/softwares/synopsys/vcs/S-2021.09-SP2/etc/uvm-1.2/uvm_macros.svh'.
Parsing included file '/fastone/softwares/synopsys/vcs/S-2021.09-SP2/etc/uvm-1.2/macros/uvm_message_defines.svh'.
Back to file '/fastone/softwares/synopsys/vcs/S-2021.09-SP2/etc/uvm-1.2/uvm_macros.svh'.
Parsing included file '/fastone/softwares/synopsys/vcs/S-2021.09-SP2/etc/uvm-1.2/macros/uvm_phase_defines.svh'.
Back to file '/fastone/softwares/synopsys/vcs/S-2021.09-SP2/etc/uvm-1.2/uvm_macros.svh'.
Parsing included file '/fastone/softwares/synopsys/vcs/S-2021.09-SP2/etc/uvm-1.2/macros/uvm_object_defines.svh'.
Back to file '/fastone/softwares/synopsys/vcs/S-2021.09-SP2/etc/uvm-1.2/uvm_macros.svh'.
Parsing included file '/fastone/softwares/synopsys/vcs/S-2021.09-SP2/etc/uvm-1.2/macros/uvm_printer_defines.svh'.
Back to file '/fastone/softwares/synopsys/vcs/S-2021.09-SP2/etc/uvm-1.2/uvm_macros.svh'.
Parsing included file '/fastone/softwares/synopsys/vcs/S-2021.09-SP2/etc/uvm-1.2/macros/uvm_tlm_defines.svh'.
Parsing included file '/fastone/softwares/synopsys/vcs/S-2021.09-SP2/etc/uvm-1.2/tlm1/uvm_tlm_imps.svh'.
Back to file '/fastone/softwares/synopsys/vcs/S-2021.09-SP2/etc/uvm-1.2/macros/uvm_tlm_defines.svh'.
Back to file '/fastone/softwares/synopsys/vcs/S-2021.09-SP2/etc/uvm-1.2/uvm_macros.svh'.
Parsing included file '/fastone/softwares/synopsys/vcs/S-2021.09-SP2/etc/uvm-1.2/macros/uvm_sequence_defines.svh'.
Back to file '/fastone/softwares/synopsys/vcs/S-2021.09-SP2/etc/uvm-1.2/uvm_macros.svh'.
Parsing included file '/fastone/softwares/synopsys/vcs/S-2021.09-SP2/etc/uvm-1.2/macros/uvm_callback_defines.svh'.
Back to file '/fastone/softwares/synopsys/vcs/S-2021.09-SP2/etc/uvm-1.2/uvm_macros.svh'.
Parsing included file '/fastone/softwares/synopsys/vcs/S-2021.09-SP2/etc/uvm-1.2/macros/uvm_reg_defines.svh'.
Back to file '/fastone/softwares/synopsys/vcs/S-2021.09-SP2/etc/uvm-1.2/uvm_macros.svh'.
Parsing included file '/fastone/softwares/synopsys/vcs/S-2021.09-SP2/etc/uvm-1.2/macros/uvm_deprecated_defines.svh'.
Back to file '/fastone/softwares/synopsys/vcs/S-2021.09-SP2/etc/uvm-1.2/uvm_macros.svh'.
Back to file '/fastone/softwares/synopsys/vcs/S-2021.09-SP2/etc/uvm-1.2/uvm_pkg.sv'.
Parsing included file '/fastone/softwares/synopsys/vcs/S-2021.09-SP2/etc/uvm-1.2/dpi/uvm_dpi.svh'.
Parsing included file '/fastone/softwares/synopsys/vcs/S-2021.09-SP2/etc/uvm-1.2/dpi/uvm_hdl.svh'.
Back to file '/fastone/softwares/synopsys/vcs/S-2021.09-SP2/etc/uvm-1.2/dpi/uvm_dpi.svh'.
Parsing included file '/fastone/softwares/synopsys/vcs/S-2021.09-SP2/etc/uvm-1.2/dpi/uvm_svcmd_dpi.svh'.
Back to file '/fastone/softwares/synopsys/vcs/S-2021.09-SP2/etc/uvm-1.2/dpi/uvm_dpi.svh'.
Parsing included file '/fastone/softwares/synopsys/vcs/S-2021.09-SP2/etc/uvm-1.2/dpi/uvm_regex.svh'.
Back to file '/fastone/softwares/synopsys/vcs/S-2021.09-SP2/etc/uvm-1.2/dpi/uvm_dpi.svh'.
Back to file '/fastone/softwares/synopsys/vcs/S-2021.09-SP2/etc/uvm-1.2/uvm_pkg.sv'.
Parsing included file '/fastone/softwares/synopsys/vcs/S-2021.09-SP2/etc/uvm-1.2/base/uvm_base.svh'.
Parsing included file '/fastone/softwares/synopsys/vcs/S-2021.09-SP2/etc/uvm-1.2/base/uvm_coreservice.svh'.
Back to file '/fastone/softwares/synopsys/vcs/S-2021.09-SP2/etc/uvm-1.2/base/uvm_base.svh'.
Parsing included file '/fastone/softwares/synopsys/vcs/S-2021.09-SP2/etc/uvm-1.2/base/uvm_version.svh'.
Back to file '/fastone/softwares/synopsys/vcs/S-2021.09-SP2/etc/uvm-1.2/base/uvm_base.svh'.
Parsing included file '/fastone/softwares/synopsys/vcs/S-2021.09-SP2/etc/uvm-1.2/base/uvm_object_globals.svh'.
Back to file '/fastone/softwares/synopsys/vcs/S-2021.09-SP2/etc/uvm-1.2/base/uvm_base.svh'.
Parsing included file '/fastone/softwares/synopsys/vcs/S-2021.09-SP2/etc/uvm-1.2/base/uvm_misc.svh'.
Back to file '/fastone/softwares/synopsys/vcs/S-2021.09-SP2/etc/uvm-1.2/base/uvm_base.svh'.
Parsing included file '/fastone/softwares/synopsys/vcs/S-2021.09-SP2/etc/uvm-1.2/base/uvm_object.svh'.
Back to file '/fastone/softwares/synopsys/vcs/S-2021.09-SP2/etc/uvm-1.2/base/uvm_base.svh'.
Parsing included file '/fastone/softwares/synopsys/vcs/S-2021.09-SP2/etc/uvm-1.2/base/uvm_pool.svh'.
Back to file '/fastone/softwares/synopsys/vcs/S-2021.09-SP2/etc/uvm-1.2/base/uvm_base.svh'.
Parsing included file '/fastone/softwares/synopsys/vcs/S-2021.09-SP2/etc/uvm-1.2/base/uvm_queue.svh'.
Back to file '/fastone/softwares/synopsys/vcs/S-2021.09-SP2/etc/uvm-1.2/base/uvm_base.svh'.
Parsing included file '/fastone/softwares/synopsys/vcs/S-2021.09-SP2/etc/uvm-1.2/base/uvm_factory.svh'.
Back to file '/fastone/softwares/synopsys/vcs/S-2021.09-SP2/etc/uvm-1.2/base/uvm_base.svh'.
Parsing included file '/fastone/softwares/synopsys/vcs/S-2021.09-SP2/etc/uvm-1.2/base/uvm_registry.svh'.
Back to file '/fastone/softwares/synopsys/vcs/S-2021.09-SP2/etc/uvm-1.2/base/uvm_base.svh'.
Parsing included file '/fastone/softwares/synopsys/vcs/S-2021.09-SP2/etc/uvm-1.2/base/uvm_spell_chkr.svh'.
Back to file '/fastone/softwares/synopsys/vcs/S-2021.09-SP2/etc/uvm-1.2/base/uvm_base.svh'.
Parsing included file '/fastone/softwares/synopsys/vcs/S-2021.09-SP2/etc/uvm-1.2/base/uvm_resource.svh'.
Back to file '/fastone/softwares/synopsys/vcs/S-2021.09-SP2/etc/uvm-1.2/base/uvm_base.svh'.
Parsing included file '/fastone/softwares/synopsys/vcs/S-2021.09-SP2/etc/uvm-1.2/base/uvm_resource_specializations.svh'.
Back to file '/fastone/softwares/synopsys/vcs/S-2021.09-SP2/etc/uvm-1.2/base/uvm_base.svh'.
Parsing included file '/fastone/softwares/synopsys/vcs/S-2021.09-SP2/etc/uvm-1.2/base/uvm_resource_db.svh'.
Back to file '/fastone/softwares/synopsys/vcs/S-2021.09-SP2/etc/uvm-1.2/base/uvm_base.svh'.
Parsing included file '/fastone/softwares/synopsys/vcs/S-2021.09-SP2/etc/uvm-1.2/base/uvm_config_db.svh'.
Back to file '/fastone/softwares/synopsys/vcs/S-2021.09-SP2/etc/uvm-1.2/base/uvm_base.svh'.
Parsing included file '/fastone/softwares/synopsys/vcs/S-2021.09-SP2/etc/uvm-1.2/base/uvm_printer.svh'.
Back to file '/fastone/softwares/synopsys/vcs/S-2021.09-SP2/etc/uvm-1.2/base/uvm_base.svh'.
Parsing included file '/fastone/softwares/synopsys/vcs/S-2021.09-SP2/etc/uvm-1.2/base/uvm_comparer.svh'.
Back to file '/fastone/softwares/synopsys/vcs/S-2021.09-SP2/etc/uvm-1.2/base/uvm_base.svh'.
Parsing included file '/fastone/softwares/synopsys/vcs/S-2021.09-SP2/etc/uvm-1.2/base/uvm_packer.svh'.
Back to file '/fastone/softwares/synopsys/vcs/S-2021.09-SP2/etc/uvm-1.2/base/uvm_base.svh'.
Parsing included file '/fastone/softwares/synopsys/vcs/S-2021.09-SP2/etc/uvm-1.2/base/uvm_links.svh'.
Back to file '/fastone/softwares/synopsys/vcs/S-2021.09-SP2/etc/uvm-1.2/base/uvm_base.svh'.
Parsing included file '/fastone/softwares/synopsys/vcs/S-2021.09-SP2/etc/uvm-1.2/base/uvm_tr_database.svh'.
Back to file '/fastone/softwares/synopsys/vcs/S-2021.09-SP2/etc/uvm-1.2/base/uvm_base.svh'.
Parsing included file '/fastone/softwares/synopsys/vcs/S-2021.09-SP2/etc/uvm-1.2/base/uvm_tr_stream.svh'.
Back to file '/fastone/softwares/synopsys/vcs/S-2021.09-SP2/etc/uvm-1.2/base/uvm_base.svh'.
Parsing included file '/fastone/softwares/synopsys/vcs/S-2021.09-SP2/etc/uvm-1.2/base/uvm_recorder.svh'.
Back to file '/fastone/softwares/synopsys/vcs/S-2021.09-SP2/etc/uvm-1.2/base/uvm_base.svh'.
Parsing included file '/fastone/softwares/synopsys/vcs/S-2021.09-SP2/etc/uvm-1.2/base/uvm_event_callback.svh'.
Back to file '/fastone/softwares/synopsys/vcs/S-2021.09-SP2/etc/uvm-1.2/base/uvm_base.svh'.
Parsing included file '/fastone/softwares/synopsys/vcs/S-2021.09-SP2/etc/uvm-1.2/base/uvm_event.svh'.
Back to file '/fastone/softwares/synopsys/vcs/S-2021.09-SP2/etc/uvm-1.2/base/uvm_base.svh'.
Parsing included file '/fastone/softwares/synopsys/vcs/S-2021.09-SP2/etc/uvm-1.2/base/uvm_barrier.svh'.
Back to file '/fastone/softwares/synopsys/vcs/S-2021.09-SP2/etc/uvm-1.2/base/uvm_base.svh'.
Parsing included file '/fastone/softwares/synopsys/vcs/S-2021.09-SP2/etc/uvm-1.2/base/uvm_callback.svh'.
Parsing included file '/fastone/softwares/synopsys/vcs/S-2021.09-SP2/etc/uvm-1.2/uvm_macros.svh'.
Back to file '/fastone/softwares/synopsys/vcs/S-2021.09-SP2/etc/uvm-1.2/base/uvm_callback.svh'.
Back to file '/fastone/softwares/synopsys/vcs/S-2021.09-SP2/etc/uvm-1.2/base/uvm_base.svh'.
Parsing included file '/fastone/softwares/synopsys/vcs/S-2021.09-SP2/etc/uvm-1.2/base/uvm_report_message.svh'.
Back to file '/fastone/softwares/synopsys/vcs/S-2021.09-SP2/etc/uvm-1.2/base/uvm_base.svh'.
Parsing included file '/fastone/softwares/synopsys/vcs/S-2021.09-SP2/etc/uvm-1.2/base/uvm_report_catcher.svh'.
Back to file '/fastone/softwares/synopsys/vcs/S-2021.09-SP2/etc/uvm-1.2/base/uvm_base.svh'.
Parsing included file '/fastone/softwares/synopsys/vcs/S-2021.09-SP2/etc/uvm-1.2/base/uvm_report_server.svh'.
Back to file '/fastone/softwares/synopsys/vcs/S-2021.09-SP2/etc/uvm-1.2/base/uvm_base.svh'.
Parsing included file '/fastone/softwares/synopsys/vcs/S-2021.09-SP2/etc/uvm-1.2/base/uvm_report_handler.svh'.
Back to file '/fastone/softwares/synopsys/vcs/S-2021.09-SP2/etc/uvm-1.2/base/uvm_base.svh'.
Parsing included file '/fastone/softwares/synopsys/vcs/S-2021.09-SP2/etc/uvm-1.2/base/uvm_report_object.svh'.
Back to file '/fastone/softwares/synopsys/vcs/S-2021.09-SP2/etc/uvm-1.2/base/uvm_base.svh'.
Parsing included file '/fastone/softwares/synopsys/vcs/S-2021.09-SP2/etc/uvm-1.2/base/uvm_transaction.svh'.
Back to file '/fastone/softwares/synopsys/vcs/S-2021.09-SP2/etc/uvm-1.2/base/uvm_base.svh'.
Parsing included file '/fastone/softwares/synopsys/vcs/S-2021.09-SP2/etc/uvm-1.2/base/uvm_phase.svh'.
Back to file '/fastone/softwares/synopsys/vcs/S-2021.09-SP2/etc/uvm-1.2/base/uvm_base.svh'.
Parsing included file '/fastone/softwares/synopsys/vcs/S-2021.09-SP2/etc/uvm-1.2/base/uvm_domain.svh'.
Back to file '/fastone/softwares/synopsys/vcs/S-2021.09-SP2/etc/uvm-1.2/base/uvm_base.svh'.
Parsing included file '/fastone/softwares/synopsys/vcs/S-2021.09-SP2/etc/uvm-1.2/base/uvm_bottomup_phase.svh'.
Back to file '/fastone/softwares/synopsys/vcs/S-2021.09-SP2/etc/uvm-1.2/base/uvm_base.svh'.
Parsing included file '/fastone/softwares/synopsys/vcs/S-2021.09-SP2/etc/uvm-1.2/base/uvm_topdown_phase.svh'.
Back to file '/fastone/softwares/synopsys/vcs/S-2021.09-SP2/etc/uvm-1.2/base/uvm_base.svh'.
Parsing included file '/fastone/softwares/synopsys/vcs/S-2021.09-SP2/etc/uvm-1.2/base/uvm_task_phase.svh'.
Back to file '/fastone/softwares/synopsys/vcs/S-2021.09-SP2/etc/uvm-1.2/base/uvm_base.svh'.
Parsing included file '/fastone/softwares/synopsys/vcs/S-2021.09-SP2/etc/uvm-1.2/base/uvm_common_phases.svh'.
Back to file '/fastone/softwares/synopsys/vcs/S-2021.09-SP2/etc/uvm-1.2/base/uvm_base.svh'.
Parsing included file '/fastone/softwares/synopsys/vcs/S-2021.09-SP2/etc/uvm-1.2/base/uvm_runtime_phases.svh'.
Back to file '/fastone/softwares/synopsys/vcs/S-2021.09-SP2/etc/uvm-1.2/base/uvm_base.svh'.
Parsing included file '/fastone/softwares/synopsys/vcs/S-2021.09-SP2/etc/uvm-1.2/base/uvm_component.svh'.
Parsing included file '/fastone/softwares/synopsys/vcs/S-2021.09-SP2/etc/uvm-1.2/base/uvm_root.svh'.
Back to file '/fastone/softwares/synopsys/vcs/S-2021.09-SP2/etc/uvm-1.2/base/uvm_component.svh'.
Back to file '/fastone/softwares/synopsys/vcs/S-2021.09-SP2/etc/uvm-1.2/base/uvm_base.svh'.
Parsing included file '/fastone/softwares/synopsys/vcs/S-2021.09-SP2/etc/uvm-1.2/base/uvm_objection.svh'.
Back to file '/fastone/softwares/synopsys/vcs/S-2021.09-SP2/etc/uvm-1.2/base/uvm_base.svh'.
Parsing included file '/fastone/softwares/synopsys/vcs/S-2021.09-SP2/etc/uvm-1.2/base/uvm_heartbeat.svh'.
Back to file '/fastone/softwares/synopsys/vcs/S-2021.09-SP2/etc/uvm-1.2/base/uvm_base.svh'.
Parsing included file '/fastone/softwares/synopsys/vcs/S-2021.09-SP2/etc/uvm-1.2/base/uvm_globals.svh'.
Back to file '/fastone/softwares/synopsys/vcs/S-2021.09-SP2/etc/uvm-1.2/base/uvm_base.svh'.
Parsing included file '/fastone/softwares/synopsys/vcs/S-2021.09-SP2/etc/uvm-1.2/base/uvm_cmdline_processor.svh'.
Back to file '/fastone/softwares/synopsys/vcs/S-2021.09-SP2/etc/uvm-1.2/base/uvm_base.svh'.
Parsing included file '/fastone/softwares/synopsys/vcs/S-2021.09-SP2/etc/uvm-1.2/base/uvm_traversal.svh'.
Back to file '/fastone/softwares/synopsys/vcs/S-2021.09-SP2/etc/uvm-1.2/base/uvm_base.svh'.
Back to file '/fastone/softwares/synopsys/vcs/S-2021.09-SP2/etc/uvm-1.2/uvm_pkg.sv'.
Parsing included file '/fastone/softwares/synopsys/vcs/S-2021.09-SP2/etc/uvm-1.2/dap/uvm_dap.svh'.
Parsing included file '/fastone/softwares/synopsys/vcs/S-2021.09-SP2/etc/uvm-1.2/dap/uvm_set_get_dap_base.svh'.
Back to file '/fastone/softwares/synopsys/vcs/S-2021.09-SP2/etc/uvm-1.2/dap/uvm_dap.svh'.
Parsing included file '/fastone/softwares/synopsys/vcs/S-2021.09-SP2/etc/uvm-1.2/dap/uvm_simple_lock_dap.svh'.
Back to file '/fastone/softwares/synopsys/vcs/S-2021.09-SP2/etc/uvm-1.2/dap/uvm_dap.svh'.
Parsing included file '/fastone/softwares/synopsys/vcs/S-2021.09-SP2/etc/uvm-1.2/dap/uvm_get_to_lock_dap.svh'.
Back to file '/fastone/softwares/synopsys/vcs/S-2021.09-SP2/etc/uvm-1.2/dap/uvm_dap.svh'.
Parsing included file '/fastone/softwares/synopsys/vcs/S-2021.09-SP2/etc/uvm-1.2/dap/uvm_set_before_get_dap.svh'.
Back to file '/fastone/softwares/synopsys/vcs/S-2021.09-SP2/etc/uvm-1.2/dap/uvm_dap.svh'.
Back to file '/fastone/softwares/synopsys/vcs/S-2021.09-SP2/etc/uvm-1.2/uvm_pkg.sv'.
Parsing included file '/fastone/softwares/synopsys/vcs/S-2021.09-SP2/etc/uvm-1.2/tlm1/uvm_tlm.svh'.
Parsing included file '/fastone/softwares/synopsys/vcs/S-2021.09-SP2/etc/uvm-1.2/tlm1/uvm_tlm_ifs.svh'.
Back to file '/fastone/softwares/synopsys/vcs/S-2021.09-SP2/etc/uvm-1.2/tlm1/uvm_tlm.svh'.
Parsing included file '/fastone/softwares/synopsys/vcs/S-2021.09-SP2/etc/uvm-1.2/tlm1/uvm_sqr_ifs.svh'.
Back to file '/fastone/softwares/synopsys/vcs/S-2021.09-SP2/etc/uvm-1.2/tlm1/uvm_tlm.svh'.
Parsing included file '/fastone/softwares/synopsys/vcs/S-2021.09-SP2/etc/uvm-1.2/base/uvm_port_base.svh'.
Back to file '/fastone/softwares/synopsys/vcs/S-2021.09-SP2/etc/uvm-1.2/tlm1/uvm_tlm.svh'.
Parsing included file '/fastone/softwares/synopsys/vcs/S-2021.09-SP2/etc/uvm-1.2/tlm1/uvm_tlm_imps.svh'.
Back to file '/fastone/softwares/synopsys/vcs/S-2021.09-SP2/etc/uvm-1.2/tlm1/uvm_tlm.svh'.
Parsing included file '/fastone/softwares/synopsys/vcs/S-2021.09-SP2/etc/uvm-1.2/tlm1/uvm_imps.svh'.
Back to file '/fastone/softwares/synopsys/vcs/S-2021.09-SP2/etc/uvm-1.2/tlm1/uvm_tlm.svh'.
Parsing included file '/fastone/softwares/synopsys/vcs/S-2021.09-SP2/etc/uvm-1.2/tlm1/uvm_ports.svh'.
Back to file '/fastone/softwares/synopsys/vcs/S-2021.09-SP2/etc/uvm-1.2/tlm1/uvm_tlm.svh'.
Parsing included file '/fastone/softwares/synopsys/vcs/S-2021.09-SP2/etc/uvm-1.2/tlm1/uvm_exports.svh'.
Back to file '/fastone/softwares/synopsys/vcs/S-2021.09-SP2/etc/uvm-1.2/tlm1/uvm_tlm.svh'.
Parsing included file '/fastone/softwares/synopsys/vcs/S-2021.09-SP2/etc/uvm-1.2/tlm1/uvm_analysis_port.svh'.
Back to file '/fastone/softwares/synopsys/vcs/S-2021.09-SP2/etc/uvm-1.2/tlm1/uvm_tlm.svh'.
Parsing included file '/fastone/softwares/synopsys/vcs/S-2021.09-SP2/etc/uvm-1.2/tlm1/uvm_tlm_fifo_base.svh'.
Back to file '/fastone/softwares/synopsys/vcs/S-2021.09-SP2/etc/uvm-1.2/tlm1/uvm_tlm.svh'.
Parsing included file '/fastone/softwares/synopsys/vcs/S-2021.09-SP2/etc/uvm-1.2/tlm1/uvm_tlm_fifos.svh'.
Back to file '/fastone/softwares/synopsys/vcs/S-2021.09-SP2/etc/uvm-1.2/tlm1/uvm_tlm.svh'.
Parsing included file '/fastone/softwares/synopsys/vcs/S-2021.09-SP2/etc/uvm-1.2/tlm1/uvm_tlm_req_rsp.svh'.
Back to file '/fastone/softwares/synopsys/vcs/S-2021.09-SP2/etc/uvm-1.2/tlm1/uvm_tlm.svh'.
Parsing included file '/fastone/softwares/synopsys/vcs/S-2021.09-SP2/etc/uvm-1.2/tlm1/uvm_sqr_connections.svh'.
Back to file '/fastone/softwares/synopsys/vcs/S-2021.09-SP2/etc/uvm-1.2/tlm1/uvm_tlm.svh'.
Back to file '/fastone/softwares/synopsys/vcs/S-2021.09-SP2/etc/uvm-1.2/uvm_pkg.sv'.
Parsing included file '/fastone/softwares/synopsys/vcs/S-2021.09-SP2/etc/uvm-1.2/comps/uvm_comps.svh'.
Parsing included file '/fastone/softwares/synopsys/vcs/S-2021.09-SP2/etc/uvm-1.2/comps/uvm_pair.svh'.
Back to file '/fastone/softwares/synopsys/vcs/S-2021.09-SP2/etc/uvm-1.2/comps/uvm_comps.svh'.
Parsing included file '/fastone/softwares/synopsys/vcs/S-2021.09-SP2/etc/uvm-1.2/comps/uvm_policies.svh'.
Back to file '/fastone/softwares/synopsys/vcs/S-2021.09-SP2/etc/uvm-1.2/comps/uvm_comps.svh'.
Parsing included file '/fastone/softwares/synopsys/vcs/S-2021.09-SP2/etc/uvm-1.2/comps/uvm_in_order_comparator.svh'.
Back to file '/fastone/softwares/synopsys/vcs/S-2021.09-SP2/etc/uvm-1.2/comps/uvm_comps.svh'.
Parsing included file '/fastone/softwares/synopsys/vcs/S-2021.09-SP2/etc/uvm-1.2/comps/uvm_algorithmic_comparator.svh'.
Back to file '/fastone/softwares/synopsys/vcs/S-2021.09-SP2/etc/uvm-1.2/comps/uvm_comps.svh'.
Parsing included file '/fastone/softwares/synopsys/vcs/S-2021.09-SP2/etc/uvm-1.2/comps/uvm_random_stimulus.svh'.
Back to file '/fastone/softwares/synopsys/vcs/S-2021.09-SP2/etc/uvm-1.2/comps/uvm_comps.svh'.
Parsing included file '/fastone/softwares/synopsys/vcs/S-2021.09-SP2/etc/uvm-1.2/comps/uvm_subscriber.svh'.
Back to file '/fastone/softwares/synopsys/vcs/S-2021.09-SP2/etc/uvm-1.2/comps/uvm_comps.svh'.
Parsing included file '/fastone/softwares/synopsys/vcs/S-2021.09-SP2/etc/uvm-1.2/comps/uvm_monitor.svh'.
Back to file '/fastone/softwares/synopsys/vcs/S-2021.09-SP2/etc/uvm-1.2/comps/uvm_comps.svh'.
Parsing included file '/fastone/softwares/synopsys/vcs/S-2021.09-SP2/etc/uvm-1.2/comps/uvm_driver.svh'.
Back to file '/fastone/softwares/synopsys/vcs/S-2021.09-SP2/etc/uvm-1.2/comps/uvm_comps.svh'.
Parsing included file '/fastone/softwares/synopsys/vcs/S-2021.09-SP2/etc/uvm-1.2/comps/uvm_push_driver.svh'.
Back to file '/fastone/softwares/synopsys/vcs/S-2021.09-SP2/etc/uvm-1.2/comps/uvm_comps.svh'.
Parsing included file '/fastone/softwares/synopsys/vcs/S-2021.09-SP2/etc/uvm-1.2/comps/uvm_scoreboard.svh'.
Back to file '/fastone/softwares/synopsys/vcs/S-2021.09-SP2/etc/uvm-1.2/comps/uvm_comps.svh'.
Parsing included file '/fastone/softwares/synopsys/vcs/S-2021.09-SP2/etc/uvm-1.2/comps/uvm_agent.svh'.
Back to file '/fastone/softwares/synopsys/vcs/S-2021.09-SP2/etc/uvm-1.2/comps/uvm_comps.svh'.
Parsing included file '/fastone/softwares/synopsys/vcs/S-2021.09-SP2/etc/uvm-1.2/comps/uvm_env.svh'.
Back to file '/fastone/softwares/synopsys/vcs/S-2021.09-SP2/etc/uvm-1.2/comps/uvm_comps.svh'.
Parsing included file '/fastone/softwares/synopsys/vcs/S-2021.09-SP2/etc/uvm-1.2/comps/uvm_test.svh'.
Back to file '/fastone/softwares/synopsys/vcs/S-2021.09-SP2/etc/uvm-1.2/comps/uvm_comps.svh'.
Back to file '/fastone/softwares/synopsys/vcs/S-2021.09-SP2/etc/uvm-1.2/uvm_pkg.sv'.
Parsing included file '/fastone/softwares/synopsys/vcs/S-2021.09-SP2/etc/uvm-1.2/seq/uvm_seq.svh'.
Parsing included file '/fastone/softwares/synopsys/vcs/S-2021.09-SP2/etc/uvm-1.2/seq/uvm_sequence_item.svh'.
Back to file '/fastone/softwares/synopsys/vcs/S-2021.09-SP2/etc/uvm-1.2/seq/uvm_seq.svh'.
Parsing included file '/fastone/softwares/synopsys/vcs/S-2021.09-SP2/etc/uvm-1.2/seq/uvm_sequencer_base.svh'.
Back to file '/fastone/softwares/synopsys/vcs/S-2021.09-SP2/etc/uvm-1.2/seq/uvm_seq.svh'.
Parsing included file '/fastone/softwares/synopsys/vcs/S-2021.09-SP2/etc/uvm-1.2/seq/uvm_sequencer_analysis_fifo.svh'.
Back to file '/fastone/softwares/synopsys/vcs/S-2021.09-SP2/etc/uvm-1.2/seq/uvm_seq.svh'.
Parsing included file '/fastone/softwares/synopsys/vcs/S-2021.09-SP2/etc/uvm-1.2/seq/uvm_sequencer_param_base.svh'.
Back to file '/fastone/softwares/synopsys/vcs/S-2021.09-SP2/etc/uvm-1.2/seq/uvm_seq.svh'.
Parsing included file '/fastone/softwares/synopsys/vcs/S-2021.09-SP2/etc/uvm-1.2/seq/uvm_sequencer.svh'.
Back to file '/fastone/softwares/synopsys/vcs/S-2021.09-SP2/etc/uvm-1.2/seq/uvm_seq.svh'.
Parsing included file '/fastone/softwares/synopsys/vcs/S-2021.09-SP2/etc/uvm-1.2/seq/uvm_push_sequencer.svh'.
Back to file '/fastone/softwares/synopsys/vcs/S-2021.09-SP2/etc/uvm-1.2/seq/uvm_seq.svh'.
Parsing included file '/fastone/softwares/synopsys/vcs/S-2021.09-SP2/etc/uvm-1.2/seq/uvm_sequence_base.svh'.
Back to file '/fastone/softwares/synopsys/vcs/S-2021.09-SP2/etc/uvm-1.2/seq/uvm_seq.svh'.
Parsing included file '/fastone/softwares/synopsys/vcs/S-2021.09-SP2/etc/uvm-1.2/seq/uvm_sequence.svh'.
Back to file '/fastone/softwares/synopsys/vcs/S-2021.09-SP2/etc/uvm-1.2/seq/uvm_seq.svh'.
Parsing included file '/fastone/softwares/synopsys/vcs/S-2021.09-SP2/etc/uvm-1.2/seq/uvm_sequence_library.svh'.
Back to file '/fastone/softwares/synopsys/vcs/S-2021.09-SP2/etc/uvm-1.2/seq/uvm_seq.svh'.
Parsing included file '/fastone/softwares/synopsys/vcs/S-2021.09-SP2/etc/uvm-1.2/seq/uvm_sequence_builtin.svh'.
Back to file '/fastone/softwares/synopsys/vcs/S-2021.09-SP2/etc/uvm-1.2/seq/uvm_seq.svh'.
Back to file '/fastone/softwares/synopsys/vcs/S-2021.09-SP2/etc/uvm-1.2/uvm_pkg.sv'.
Parsing included file '/fastone/softwares/synopsys/vcs/S-2021.09-SP2/etc/uvm-1.2/tlm2/uvm_tlm2.svh'.
Parsing included file '/fastone/softwares/synopsys/vcs/S-2021.09-SP2/etc/uvm-1.2/tlm2/uvm_tlm2_defines.svh'.
Back to file '/fastone/softwares/synopsys/vcs/S-2021.09-SP2/etc/uvm-1.2/tlm2/uvm_tlm2.svh'.
Parsing included file '/fastone/softwares/synopsys/vcs/S-2021.09-SP2/etc/uvm-1.2/tlm2/uvm_tlm2_time.svh'.
Back to file '/fastone/softwares/synopsys/vcs/S-2021.09-SP2/etc/uvm-1.2/tlm2/uvm_tlm2.svh'.
Parsing included file '/fastone/softwares/synopsys/vcs/S-2021.09-SP2/etc/uvm-1.2/tlm2/uvm_tlm2_generic_payload.svh'.
Back to file '/fastone/softwares/synopsys/vcs/S-2021.09-SP2/etc/uvm-1.2/tlm2/uvm_tlm2.svh'.
Parsing included file '/fastone/softwares/synopsys/vcs/S-2021.09-SP2/etc/uvm-1.2/tlm2/uvm_tlm2_ifs.svh'.
Back to file '/fastone/softwares/synopsys/vcs/S-2021.09-SP2/etc/uvm-1.2/tlm2/uvm_tlm2.svh'.
Parsing included file '/fastone/softwares/synopsys/vcs/S-2021.09-SP2/etc/uvm-1.2/tlm2/uvm_tlm2_imps.svh'.
Back to file '/fastone/softwares/synopsys/vcs/S-2021.09-SP2/etc/uvm-1.2/tlm2/uvm_tlm2.svh'.
Parsing included file '/fastone/softwares/synopsys/vcs/S-2021.09-SP2/etc/uvm-1.2/tlm2/uvm_tlm2_ports.svh'.
Back to file '/fastone/softwares/synopsys/vcs/S-2021.09-SP2/etc/uvm-1.2/tlm2/uvm_tlm2.svh'.
Parsing included file '/fastone/softwares/synopsys/vcs/S-2021.09-SP2/etc/uvm-1.2/tlm2/uvm_tlm2_exports.svh'.
Back to file '/fastone/softwares/synopsys/vcs/S-2021.09-SP2/etc/uvm-1.2/tlm2/uvm_tlm2.svh'.
Parsing included file '/fastone/softwares/synopsys/vcs/S-2021.09-SP2/etc/uvm-1.2/tlm2/uvm_tlm2_sockets_base.svh'.
Back to file '/fastone/softwares/synopsys/vcs/S-2021.09-SP2/etc/uvm-1.2/tlm2/uvm_tlm2.svh'.
Parsing included file '/fastone/softwares/synopsys/vcs/S-2021.09-SP2/etc/uvm-1.2/tlm2/uvm_tlm2_sockets.svh'.
Back to file '/fastone/softwares/synopsys/vcs/S-2021.09-SP2/etc/uvm-1.2/tlm2/uvm_tlm2.svh'.
Back to file '/fastone/softwares/synopsys/vcs/S-2021.09-SP2/etc/uvm-1.2/uvm_pkg.sv'.
Parsing included file '/fastone/softwares/synopsys/vcs/S-2021.09-SP2/etc/uvm-1.2/reg/uvm_reg_model.svh'.
Parsing included file '/fastone/softwares/synopsys/vcs/S-2021.09-SP2/etc/uvm-1.2/reg/uvm_reg_item.svh'.
Back to file '/fastone/softwares/synopsys/vcs/S-2021.09-SP2/etc/uvm-1.2/reg/uvm_reg_model.svh'.
Parsing included file '/fastone/softwares/synopsys/vcs/S-2021.09-SP2/etc/uvm-1.2/reg/uvm_reg_adapter.svh'.
Back to file '/fastone/softwares/synopsys/vcs/S-2021.09-SP2/etc/uvm-1.2/reg/uvm_reg_model.svh'.
Parsing included file '/fastone/softwares/synopsys/vcs/S-2021.09-SP2/etc/uvm-1.2/reg/uvm_reg_predictor.svh'.
Back to file '/fastone/softwares/synopsys/vcs/S-2021.09-SP2/etc/uvm-1.2/reg/uvm_reg_model.svh'.
Parsing included file '/fastone/softwares/synopsys/vcs/S-2021.09-SP2/etc/uvm-1.2/reg/uvm_reg_sequence.svh'.
Back to file '/fastone/softwares/synopsys/vcs/S-2021.09-SP2/etc/uvm-1.2/reg/uvm_reg_model.svh'.
Parsing included file '/fastone/softwares/synopsys/vcs/S-2021.09-SP2/etc/uvm-1.2/reg/uvm_reg_cbs.svh'.
Back to file '/fastone/softwares/synopsys/vcs/S-2021.09-SP2/etc/uvm-1.2/reg/uvm_reg_model.svh'.
Parsing included file '/fastone/softwares/synopsys/vcs/S-2021.09-SP2/etc/uvm-1.2/reg/uvm_reg_backdoor.svh'.
Back to file '/fastone/softwares/synopsys/vcs/S-2021.09-SP2/etc/uvm-1.2/reg/uvm_reg_model.svh'.
Parsing included file '/fastone/softwares/synopsys/vcs/S-2021.09-SP2/etc/uvm-1.2/reg/uvm_reg_field.svh'.
Back to file '/fastone/softwares/synopsys/vcs/S-2021.09-SP2/etc/uvm-1.2/reg/uvm_reg_model.svh'.
Parsing included file '/fastone/softwares/synopsys/vcs/S-2021.09-SP2/etc/uvm-1.2/reg/uvm_vreg_field.svh'.
Back to file '/fastone/softwares/synopsys/vcs/S-2021.09-SP2/etc/uvm-1.2/reg/uvm_reg_model.svh'.
Parsing included file '/fastone/softwares/synopsys/vcs/S-2021.09-SP2/etc/uvm-1.2/reg/uvm_reg.svh'.
Back to file '/fastone/softwares/synopsys/vcs/S-2021.09-SP2/etc/uvm-1.2/reg/uvm_reg_model.svh'.
Parsing included file '/fastone/softwares/synopsys/vcs/S-2021.09-SP2/etc/uvm-1.2/reg/uvm_reg_indirect.svh'.
Back to file '/fastone/softwares/synopsys/vcs/S-2021.09-SP2/etc/uvm-1.2/reg/uvm_reg_model.svh'.
Parsing included file '/fastone/softwares/synopsys/vcs/S-2021.09-SP2/etc/uvm-1.2/reg/uvm_reg_fifo.svh'.
Back to file '/fastone/softwares/synopsys/vcs/S-2021.09-SP2/etc/uvm-1.2/reg/uvm_reg_model.svh'.
Parsing included file '/fastone/softwares/synopsys/vcs/S-2021.09-SP2/etc/uvm-1.2/reg/uvm_reg_file.svh'.
Back to file '/fastone/softwares/synopsys/vcs/S-2021.09-SP2/etc/uvm-1.2/reg/uvm_reg_model.svh'.
Parsing included file '/fastone/softwares/synopsys/vcs/S-2021.09-SP2/etc/uvm-1.2/reg/uvm_mem_mam.svh'.
Back to file '/fastone/softwares/synopsys/vcs/S-2021.09-SP2/etc/uvm-1.2/reg/uvm_reg_model.svh'.
Parsing included file '/fastone/softwares/synopsys/vcs/S-2021.09-SP2/etc/uvm-1.2/reg/uvm_vreg.svh'.
Back to file '/fastone/softwares/synopsys/vcs/S-2021.09-SP2/etc/uvm-1.2/reg/uvm_reg_model.svh'.
Parsing included file '/fastone/softwares/synopsys/vcs/S-2021.09-SP2/etc/uvm-1.2/reg/uvm_mem.svh'.
Back to file '/fastone/softwares/synopsys/vcs/S-2021.09-SP2/etc/uvm-1.2/reg/uvm_reg_model.svh'.
Parsing included file '/fastone/softwares/synopsys/vcs/S-2021.09-SP2/etc/uvm-1.2/reg/uvm_reg_map.svh'.
Back to file '/fastone/softwares/synopsys/vcs/S-2021.09-SP2/etc/uvm-1.2/reg/uvm_reg_model.svh'.
Parsing included file '/fastone/softwares/synopsys/vcs/S-2021.09-SP2/etc/uvm-1.2/reg/uvm_reg_block.svh'.
Back to file '/fastone/softwares/synopsys/vcs/S-2021.09-SP2/etc/uvm-1.2/reg/uvm_reg_model.svh'.
Parsing included file '/fastone/softwares/synopsys/vcs/S-2021.09-SP2/etc/uvm-1.2/reg/sequences/uvm_reg_hw_reset_seq.svh'.
Back to file '/fastone/softwares/synopsys/vcs/S-2021.09-SP2/etc/uvm-1.2/reg/uvm_reg_model.svh'.
Parsing included file '/fastone/softwares/synopsys/vcs/S-2021.09-SP2/etc/uvm-1.2/reg/sequences/uvm_reg_bit_bash_seq.svh'.
Back to file '/fastone/softwares/synopsys/vcs/S-2021.09-SP2/etc/uvm-1.2/reg/uvm_reg_model.svh'.
Parsing included file '/fastone/softwares/synopsys/vcs/S-2021.09-SP2/etc/uvm-1.2/reg/sequences/uvm_mem_walk_seq.svh'.
Back to file '/fastone/softwares/synopsys/vcs/S-2021.09-SP2/etc/uvm-1.2/reg/uvm_reg_model.svh'.
Parsing included file '/fastone/softwares/synopsys/vcs/S-2021.09-SP2/etc/uvm-1.2/reg/sequences/uvm_mem_access_seq.svh'.
Back to file '/fastone/softwares/synopsys/vcs/S-2021.09-SP2/etc/uvm-1.2/reg/uvm_reg_model.svh'.
Parsing included file '/fastone/softwares/synopsys/vcs/S-2021.09-SP2/etc/uvm-1.2/reg/sequences/uvm_reg_access_seq.svh'.
Back to file '/fastone/softwares/synopsys/vcs/S-2021.09-SP2/etc/uvm-1.2/reg/uvm_reg_model.svh'.
Parsing included file '/fastone/softwares/synopsys/vcs/S-2021.09-SP2/etc/uvm-1.2/reg/sequences/uvm_reg_mem_shared_access_seq.svh'.
Back to file '/fastone/softwares/synopsys/vcs/S-2021.09-SP2/etc/uvm-1.2/reg/uvm_reg_model.svh'.
Parsing included file '/fastone/softwares/synopsys/vcs/S-2021.09-SP2/etc/uvm-1.2/reg/sequences/uvm_reg_mem_built_in_seq.svh'.
Back to file '/fastone/softwares/synopsys/vcs/S-2021.09-SP2/etc/uvm-1.2/reg/uvm_reg_model.svh'.
Parsing included file '/fastone/softwares/synopsys/vcs/S-2021.09-SP2/etc/uvm-1.2/reg/sequences/uvm_reg_mem_hdl_paths_seq.svh'.
Back to file '/fastone/softwares/synopsys/vcs/S-2021.09-SP2/etc/uvm-1.2/reg/uvm_reg_model.svh'.
Parsing included file '/fastone/softwares/synopsys/vcs/S-2021.09-SP2/etc/uvm-1.2/reg/snps_uvm_reg_bank.svh'.
Back to file '/fastone/softwares/synopsys/vcs/S-2021.09-SP2/etc/uvm-1.2/reg/uvm_reg_model.svh'.
Back to file '/fastone/softwares/synopsys/vcs/S-2021.09-SP2/etc/uvm-1.2/uvm_pkg.sv'.
Parsing included file '/fastone/softwares/synopsys/vcs/S-2021.09-SP2/etc/uvm-1.2/vcs/vcs_uvm_alt.sv'.
Back to file '/fastone/softwares/synopsys/vcs/S-2021.09-SP2/etc/uvm-1.2/uvm_pkg.sv'.
Parsing design file '/fastone/softwares/synopsys/vcs/S-2021.09-SP2/etc/uvm-1.2/vcs/uvm_custom_install_vcs_recorder.sv'
Parsing included file '/fastone/softwares/synopsys/vcs/S-2021.09-SP2/etc/uvm-1.2/vcs/msglog.svh'.
Back to file '/fastone/softwares/synopsys/vcs/S-2021.09-SP2/etc/uvm-1.2/vcs/uvm_custom_install_vcs_recorder.sv'.
Parsing included file '/fastone/softwares/synopsys/vcs/S-2021.09-SP2/etc/uvm-1.2/vcs/uvm_msglog_report_server.sv'.
Back to file '/fastone/softwares/synopsys/vcs/S-2021.09-SP2/etc/uvm-1.2/vcs/uvm_custom_install_vcs_recorder.sv'.
Parsing included file '/fastone/softwares/synopsys/vcs/S-2021.09-SP2/etc/uvm-1.2/vcs/uvm_vcs_recorder.svh'.
Parsing included file '/fastone/softwares/synopsys/vcs/S-2021.09-SP2/etc/uvm-1.2/vcs/uvm_vcs_tr_database.svh'.
Parsing included file '/fastone/softwares/synopsys/vcs/S-2021.09-SP2/etc/uvm-1.2/vcs/uvm_vcs_tr_stream.svh'.
Back to file '/fastone/softwares/synopsys/vcs/S-2021.09-SP2/etc/uvm-1.2/vcs/uvm_vcs_tr_database.svh'.
Back to file '/fastone/softwares/synopsys/vcs/S-2021.09-SP2/etc/uvm-1.2/vcs/uvm_vcs_recorder.svh'.
Back to file '/fastone/softwares/synopsys/vcs/S-2021.09-SP2/etc/uvm-1.2/vcs/uvm_custom_install_vcs_recorder.sv'.
Parsing included file '/fastone/softwares/synopsys/vcs/S-2021.09-SP2/etc/uvm-1.2/vcs/uvm_vcs_record_interface.sv'.
Back to file '/fastone/softwares/synopsys/vcs/S-2021.09-SP2/etc/uvm-1.2/vcs/uvm_custom_install_vcs_recorder.sv'.
Parsing design file '/fastone/softwares/synopsys/vcs/S-2021.09-SP2/etc/uvm-1.2/verdi/uvm_custom_install_verdi_recorder.sv'
Parsing included file '/fastone/softwares/synopsys/vcs/S-2021.09-SP2/etc/uvm-1.2/uvm_macros.svh'.
Back to file '/fastone/softwares/synopsys/vcs/S-2021.09-SP2/etc/uvm-1.2/verdi/uvm_custom_install_verdi_recorder.sv'.
Parsing included file '/fastone/softwares/synopsys/vcs/S-2021.09-SP2/etc/uvm-1.2/verdi/uvm_verdi_recorder.svh'.
Parsing included file '/fastone/softwares/synopsys/vcs/S-2021.09-SP2/etc/uvm-1.2/verdi/uvm_verdi_pli_base.svh'.
Back to file '/fastone/softwares/synopsys/vcs/S-2021.09-SP2/etc/uvm-1.2/verdi/uvm_verdi_recorder.svh'.
Parsing included file '/fastone/softwares/synopsys/vcs/S-2021.09-SP2/etc/uvm-1.2/verdi/uvm_verdi_tr_database.svh'.
Parsing included file '/fastone/softwares/synopsys/vcs/S-2021.09-SP2/etc/uvm-1.2/verdi/uvm_verdi_tr_stream.svh'.
Back to file '/fastone/softwares/synopsys/vcs/S-2021.09-SP2/etc/uvm-1.2/verdi/uvm_verdi_tr_database.svh'.
Back to file '/fastone/softwares/synopsys/vcs/S-2021.09-SP2/etc/uvm-1.2/verdi/uvm_verdi_recorder.svh'.
Back to file '/fastone/softwares/synopsys/vcs/S-2021.09-SP2/etc/uvm-1.2/verdi/uvm_custom_install_verdi_recorder.sv'.
Parsing included file '/fastone/softwares/synopsys/vcs/S-2021.09-SP2/etc/uvm-1.2/verdi/uvm_verdi_reg_map_recording.sv'.
Back to file '/fastone/softwares/synopsys/vcs/S-2021.09-SP2/etc/uvm-1.2/verdi/uvm_custom_install_verdi_recorder.sv'.
Parsing included file '/fastone/softwares/synopsys/vcs/S-2021.09-SP2/etc/uvm-1.2/verdi/uvm_verdi_message_catcher.svh'.
Parsing included file '/fastone/softwares/synopsys/vcs/S-2021.09-SP2/etc/uvm-1.2/verdi/uvm_verdi_pli_base.svh'.
Back to file '/fastone/softwares/synopsys/vcs/S-2021.09-SP2/etc/uvm-1.2/verdi/uvm_verdi_message_catcher.svh'.
Back to file '/fastone/softwares/synopsys/vcs/S-2021.09-SP2/etc/uvm-1.2/verdi/uvm_custom_install_verdi_recorder.sv'.
Parsing included file '/fastone/softwares/synopsys/vcs/S-2021.09-SP2/etc/uvm-1.2/verdi/uvm_verdi_factory.svh'.
Back to file '/fastone/softwares/synopsys/vcs/S-2021.09-SP2/etc/uvm-1.2/verdi/uvm_custom_install_verdi_recorder.sv'.
Parsing included file '/fastone/softwares/synopsys/vcs/S-2021.09-SP2/etc/uvm-1.2/verdi/./dpi/uvm_verdi_dpi.svh'.
Back to file '/fastone/softwares/synopsys/vcs/S-2021.09-SP2/etc/uvm-1.2/verdi/uvm_custom_install_verdi_recorder.sv'.
Parsing included file '/fastone/softwares/synopsys/vcs/S-2021.09-SP2/etc/uvm-1.2/verdi/uvm_verdi_reg_recording.sv'.
Back to file '/fastone/softwares/synopsys/vcs/S-2021.09-SP2/etc/uvm-1.2/verdi/uvm_custom_install_verdi_recorder.sv'.
Parsing included file '/fastone/softwares/synopsys/verdi/T-2022.06/share/PLI/VCS/include/verdi_trans_recorder_dpi.svh'.
Back to file '/fastone/softwares/synopsys/vcs/S-2021.09-SP2/etc/uvm-1.2/verdi/uvm_custom_install_verdi_recorder.sv'.
Parsing included file '/fastone/softwares/synopsys/vcs/S-2021.09-SP2/etc/uvm-1.2/verdi/uvm_verdi_pli.svh'.
Back to file '/fastone/softwares/synopsys/vcs/S-2021.09-SP2/etc/uvm-1.2/verdi/uvm_custom_install_verdi_recorder.sv'.
Parsing design file '/fastone/softwares/synopsys/vcs/S-2021.09-SP2/etc/uvm-1.2/verdi/uvm_custom_install_verdi_recorder.sv'
Parsing design file '/fastone/users/shibin.lu/dv_bachcore/st/sim_rtl/uvm_tb/memory_backdoor/src/memory_backdoor_pkg.sv'
Parsing included file '/fastone/softwares/synopsys/vcs/S-2021.09-SP2/etc/uvm-1.2/uvm_macros.svh'.
Back to file '/fastone/users/shibin.lu/dv_bachcore/st/sim_rtl/uvm_tb/memory_backdoor/src/memory_backdoor_pkg.sv'.
Parsing design file '/fastone/users/shibin.lu/dv_bachcore/st/sim_rtl/uvm_tb/memory_backdoor/work/zero_init/generated/sram_geometry_pkg.sv'
Parsing design file '/fastone/users/shibin.lu/dv_bachcore/st/sim_rtl/uvm_tb/memory_backdoor/third_party/tech_cells_generic/tc_sram.sv'
Parsing design file '/fastone/users/shibin.lu/dv_bachcore/st/sim_rtl/uvm_tb/memory_backdoor/examples/interleaved_sram.sv'
Parsing design file '/fastone/users/shibin.lu/dv_bachcore/st/sim_rtl/uvm_tb/memory_backdoor/src/memory_reference_component_pkg.sv'
Parsing included file '/fastone/softwares/synopsys/vcs/S-2021.09-SP2/etc/uvm-1.2/uvm_macros.svh'.
Back to file '/fastone/users/shibin.lu/dv_bachcore/st/sim_rtl/uvm_tb/memory_backdoor/src/memory_reference_component_pkg.sv'.
Parsing design file '/fastone/users/shibin.lu/dv_bachcore/st/sim_rtl/uvm_tb/memory_backdoor/src/memory_scoreboard_component_pkg.sv'
Parsing included file '/fastone/softwares/synopsys/vcs/S-2021.09-SP2/etc/uvm-1.2/uvm_macros.svh'.
Back to file '/fastone/users/shibin.lu/dv_bachcore/st/sim_rtl/uvm_tb/memory_backdoor/src/memory_scoreboard_component_pkg.sv'.
Parsing design file '/fastone/users/shibin.lu/dv_bachcore/st/sim_rtl/uvm_tb/memory_backdoor/src/memory_backdoor_operation_pkg.sv'
Parsing included file '/fastone/softwares/synopsys/vcs/S-2021.09-SP2/etc/uvm-1.2/uvm_macros.svh'.
Back to file '/fastone/users/shibin.lu/dv_bachcore/st/sim_rtl/uvm_tb/memory_backdoor/src/memory_backdoor_operation_pkg.sv'.
Parsing design file '/fastone/users/shibin.lu/dv_bachcore/st/sim_rtl/uvm_tb/memory_backdoor/examples/dut.sv'
Parsing design file '/fastone/users/shibin.lu/dv_bachcore/st/sim_rtl/uvm_tb/memory_backdoor/testcase/zero_init_testcase.sv'
Parsing included file '/fastone/softwares/synopsys/vcs/S-2021.09-SP2/etc/uvm-1.2/uvm_macros.svh'.
Back to file '/fastone/users/shibin.lu/dv_bachcore/st/sim_rtl/uvm_tb/memory_backdoor/testcase/zero_init_testcase.sv'.
Parsing design file '/fastone/users/shibin.lu/dv_bachcore/st/sim_rtl/uvm_tb/memory_backdoor/examples/tb_top.sv'
Top Level Modules:
       uvm_custom_install_recording
       uvm_custom_install_verdi_recording
       tc_sram_blackbox
       tb_top
TimeScale is 1 ns / 1 ps
Starting vcs inline pass...

15 modules and 0 UDP read.
recompiling package vcs_paramclassrepository
recompiling package _vcs_DPI_package
recompiling package uvm_pkg
recompiling package _vcs_msglog
recompiling module uvm_custom_install_recording
recompiling module uvm_custom_install_verdi_recording
recompiling package memory_backdoor_pkg
recompiling package sram_geometry_pkg
recompiling module tc_sram
recompiling module tc_sram_blackbox
recompiling package memory_reference_component_pkg
recompiling package memory_scoreboard_component_pkg
recompiling package memory_backdoor_operation_pkg
recompiling package zero_init_testcase_pkg
recompiling module tb_top
All of 15 modules done
make[2]: Warning: File `filelist.hsopt.llvm2_0.objs' has modification time 17 s in the future
make[2]: warning:  Clock skew detected.  Your build may be incomplete.
make[2]: Warning: File `filelist.cu' has modification time 17 s in the future
make[3]: Warning: File `filelist.cu' has modification time 17 s in the future
rm -f _cuarc*.so _csrc*.so pre_vcsobj_*.so share_vcsobj_*.so
make[3]: warning:  Clock skew detected.  Your build may be incomplete.
make[3]: Warning: File `filelist.cu' has modification time 17 s in the future
g++ -w  -pipe -DVCSMX -DUVM_DPI_DO_TYPE_CHECK -fPIC -O -I/fastone/softwares/synopsys/vcs/S-2021.09-SP2/include    -c /fastone/softwares/synopsys/vcs/S-2021.09-SP2/etc/uvm-1.2/dpi/uvm_dpi.cc
g++ -w  -pipe -DVCSMX -DUVM_DPI_DO_TYPE_CHECK -fPIC -O -I/fastone/softwares/synopsys/vcs/S-2021.09-SP2/include    -c /fastone/softwares/synopsys/vcs/S-2021.09-SP2/etc/uvm-1.2/verdi/dpi/uvm_verdi_dpi.cpp
make[3]: warning:  Clock skew detected.  Your build may be incomplete.
if [ -x ../simv ]; then chmod a-x ../simv; fi
g++  -o ../simv      -rdynamic  -Wl,-rpath='$ORIGIN'/simv.daidir -Wl,-rpath=./simv.daidir -Wl,-rpath=/fastone/softwares/synopsys/vcs/S-2021.09-SP2/linux64/lib -L/fastone/softwares/synopsys/vcs/S-2021.09-SP2/linux64/lib  -Wl,-rpath-link=./  uvm_dpi.o uvm_verdi_dpi.o   objs/amcQw_d.o   _3937832_archive_1.so  SIM_l.o      rmapats_mop.o rmapats.o rmar.o rmar_nd.o  rmar_llvm_0_1.o rmar_llvm_0_0.o           -lnuma -lvirsim -lerrorinf -lsnpsmalloc -lvfs /fastone/softwares/synopsys/verdi/T-2022.06/share/PLI/VCS/LINUX64/pli.a    -lvcsnew -lsimprofile -luclinative /fastone/softwares/synopsys/vcs/S-2021.09-SP2/linux64/lib/vcs_tls.o   -Wl,-whole-archive  -lvcsucli    -Wl,-no-whole-archive       ./../simv.daidir/vc_hdrs.o  _vcs_pli_stub_.o   /fastone/softwares/synopsys/vcs/S-2021.09-SP2/linux64/lib/vcs_save_restore_new.o /fastone/softwares/synopsys/verdi/T-2022.06/share/PLI/VCS/LINUX64/pli.a -ldl -lm  -lc -lpthread -ldl 
../simv up to date
make[2]: warning:  Clock skew detected.  Your build may be incomplete.
CPU time: 9.149 seconds to compile + .173 seconds to elab + .486 seconds to link
Verdi KDB elaboration done and the database successfully generated: 0 error(s), 0 warning(s)
Chronologic VCS simulator copyright 1991-2021
Contains Synopsys proprietary information.
Compiler version S-2021.09-SP2_Full64; Runtime version S-2021.09-SP2_Full64;  Sep  2 10:10 2026
RESET_ASSERTED
*Verdi* Loading libsscore_vcs202109.so
FSDB Dumper for VCS, Release Verdi_T-2022.06, Linux x86_64/64bit, 05/29/2022
(C) 1996 - 2022 by Synopsys, Inc.
*Verdi* : Create FSDB file 'zero_init.fsdb'
*Verdi* : Begin traversing the scope (tb_top), layer (0).
*Verdi* : End of traversing.
*Verdi* : Begin traversing the MDAs, layer (0).
*Verdi* : Enable +mda and +packedmda dumping.
*Verdi* : End of traversing the MDAs.
FSDB_DUMP_ENABLED file=zero_init.fsdb
MEMORY_BACKDOOR_TOPOLOGY srams=1 banks_per_sram=4 targets=4 address_interleave=1 mapping=block_interleave interleave_bytes=4 interleave_words=1
MEMORY_BACKDOOR_TARGET index=0 sram=0 bank=0 path=tb_top.dut.gen_sram[0].u_interleaved_sram.gen_bank[0].u_sram.sram rows=512 mapping=block_interleave first_block_word=0 block_words=1 block_stride=4 width=32
MEMORY_BACKDOOR_TARGET index=1 sram=0 bank=1 path=tb_top.dut.gen_sram[0].u_interleaved_sram.gen_bank[1].u_sram.sram rows=512 mapping=block_interleave first_block_word=1 block_words=1 block_stride=4 width=32
MEMORY_BACKDOOR_TARGET index=2 sram=0 bank=2 path=tb_top.dut.gen_sram[0].u_interleaved_sram.gen_bank[2].u_sram.sram rows=512 mapping=block_interleave first_block_word=2 block_words=1 block_stride=4 width=32
MEMORY_BACKDOOR_TARGET index=3 sram=0 bank=3 path=tb_top.dut.gen_sram[0].u_interleaved_sram.gen_bank[3].u_sram.sram rows=512 mapping=block_interleave first_block_word=3 block_words=1 block_stride=4 width=32
MEMORY_BACKDOOR_TESTCASE_SELECTED name=zero_init
SRAM_ADDRESS_GEOMETRY sram=0 banks=4 rows_per_bank=512 total_words=2048 bytes=8192 address_interleave=1 interleave_words=1 mapping=block_interleave instance=tb_top.dut.gen_sram[0].u_interleaved_sram
SRAM_WAVE_VIEW sram=0 base_byte_address=0x0 end_byte_address=0x1fff word_bytes=4 data=tb_top.dut.gen_sram[0].u_interleaved_sram.sram_view_data address=tb_top.dut.gen_sram[0].u_interleaved_sram.sram_view_byte_address bank=tb_top.dut.gen_sram[0].u_interleaved_sram.sram_view_bank row=tb_top.dut.gen_sram[0].u_interleaved_sram.sram_view_bank_row
SRAM_ADDRESS_BANK sram=0 bank=0 rows=512 mapping=block_interleave first_block_word=0 block_words=1 block_stride=4 path=tb_top.dut.gen_sram[0].u_interleaved_sram.gen_bank[0].u_sram.sram
SRAM_ADDRESS_BANK sram=0 bank=1 rows=512 mapping=block_interleave first_block_word=1 block_words=1 block_stride=4 path=tb_top.dut.gen_sram[0].u_interleaved_sram.gen_bank[1].u_sram.sram
SRAM_ADDRESS_BANK sram=0 bank=2 rows=512 mapping=block_interleave first_block_word=2 block_words=1 block_stride=4 path=tb_top.dut.gen_sram[0].u_interleaved_sram.gen_bank[2].u_sram.sram
SRAM_ADDRESS_BANK sram=0 bank=3 rows=512 mapping=block_interleave first_block_word=3 block_words=1 block_stride=4 path=tb_top.dut.gen_sram[0].u_interleaved_sram.gen_bank[3].u_sram.sram
RESET_DEASSERTED time=10 ns
MEMORY_BACKDOOR_TESTCASE_ON_RESET_RELEASE name=zero_init
MEMORY_BACKDOOR_OPERATION_SELECTED testcase=zero_init operation=zero_init
MEMORY_BACKDOOR_INIT_ZERO_TIME_PASS sram=0 mode=0 local_start=0 words=2048 banks=4 address_interleave=1 interleave_words=1 time=10 ns
BANK_DATA_RECORD_READY file=/fastone/users/shibin.lu/dv_bachcore/st/sim_rtl/uvm_tb/memory_backdoor/work/zero_init/data/zero_init_bank0_record.txt sram=0 bank=0 rows=512 compare=0
BANK_DATA_RECORD_READY file=/fastone/users/shibin.lu/dv_bachcore/st/sim_rtl/uvm_tb/memory_backdoor/work/zero_init/data/zero_init_bank1_record.txt sram=0 bank=1 rows=512 compare=0
BANK_DATA_RECORD_READY file=/fastone/users/shibin.lu/dv_bachcore/st/sim_rtl/uvm_tb/memory_backdoor/work/zero_init/data/zero_init_bank2_record.txt sram=0 bank=2 rows=512 compare=0
BANK_DATA_RECORD_READY file=/fastone/users/shibin.lu/dv_bachcore/st/sim_rtl/uvm_tb/memory_backdoor/work/zero_init/data/zero_init_bank3_record.txt sram=0 bank=3 rows=512 compare=0
BANK_DATA_RECORD_SET_READY prefix=/fastone/users/shibin.lu/dv_bachcore/st/sim_rtl/uvm_tb/memory_backdoor/work/zero_init/data/zero_init sram=0 local_start=0 words=2048 banks=4 compare=0 failures=0
ZERO_INIT_PASS srams=1 compare=0 record_prefix=/fastone/users/shibin.lu/dv_bachcore/st/sim_rtl/uvm_tb/memory_backdoor/work/zero_init/data/zero_init address_interleave=1
MEMORY_BACKDOOR_EXAMPLE_PASS testcase=zero_init time=100 ns
$finish called from file "/fastone/users/shibin.lu/dv_bachcore/st/sim_rtl/uvm_tb/memory_backdoor/examples/tb_top.sv", line 475.
$finish at simulation time               100000
           V C S   S i m u l a t i o n   R e p o r t 
Time: 100000 ps
CPU Time:      0.300 seconds;       Data structure size:   0.7Mb
Wed Sep  2 10:10:30 2026
PASS zero_init -> /fastone/users/shibin.lu/dv_bachcore/st/sim_rtl/uvm_tb/memory_backdoor/work/zero_init (WAVA=1)
BANK_RECORD_VALID file=/fastone/users/shibin.lu/dv_bachcore/st/sim_rtl/uvm_tb/memory_backdoor/work/zero_init/data/zero_init_bank0_record.txt sram=0 bank=0 rows=512 allow_skip=1
BANK_RECORD_VALID file=/fastone/users/shibin.lu/dv_bachcore/st/sim_rtl/uvm_tb/memory_backdoor/work/zero_init/data/zero_init_bank1_record.txt sram=0 bank=1 rows=512 allow_skip=1
BANK_RECORD_VALID file=/fastone/users/shibin.lu/dv_bachcore/st/sim_rtl/uvm_tb/memory_backdoor/work/zero_init/data/zero_init_bank2_record.txt sram=0 bank=2 rows=512 allow_skip=1
BANK_RECORD_VALID file=/fastone/users/shibin.lu/dv_bachcore/st/sim_rtl/uvm_tb/memory_backdoor/work/zero_init/data/zero_init_bank3_record.txt sram=0 bank=3 rows=512 allow_skip=1
                         Chronologic VCS (TM)
       Version S-2021.09-SP2_Full64 -- Wed Sep  2 10:10:32 2026

                    Copyright (c) 1991 - 2022 Synopsys, Inc.
   This software and the associated documentation are proprietary to Synopsys,
 Inc. This software may only be used in accordance with the terms and conditions
 of a written license agreement with Synopsys, Inc. All other use, reproduction,
   or distribution of this software is strictly prohibited.  Licensed Products
     communicate with Synopsys servers for the purpose of providing software
    updates, detecting software piracy and verifying that customers are using
    Licensed Products in conformity with the applicable License Key for such
  Licensed Products. Synopsys will use information gathered in connection with
    this process to deliver software updates and pursue software pirates and
                                   infringers.

 Inclusivity & Diversity - Visit SolvNetPlus to read the "Synopsys Statement on
            Inclusivity and Diversity" (Refer to article 000036315 at
                        https://solvnetplus.synopsys.com)

Parsing design file '/fastone/softwares/synopsys/vcs/S-2021.09-SP2/etc/uvm-1.2/uvm_pkg.sv'
Parsing included file '/fastone/softwares/synopsys/vcs/S-2021.09-SP2/etc/uvm-1.2/uvm_macros.svh'.
Parsing included file '/fastone/softwares/synopsys/vcs/S-2021.09-SP2/etc/uvm-1.2/macros/uvm_version_defines.svh'.
Back to file '/fastone/softwares/synopsys/vcs/S-2021.09-SP2/etc/uvm-1.2/uvm_macros.svh'.
Parsing included file '/fastone/softwares/synopsys/vcs/S-2021.09-SP2/etc/uvm-1.2/macros/uvm_global_defines.svh'.
Back to file '/fastone/softwares/synopsys/vcs/S-2021.09-SP2/etc/uvm-1.2/uvm_macros.svh'.
Parsing included file '/fastone/softwares/synopsys/vcs/S-2021.09-SP2/etc/uvm-1.2/macros/snps_macros.svp'.
Back to file '/fastone/softwares/synopsys/vcs/S-2021.09-SP2/etc/uvm-1.2/uvm_macros.svh'.
Parsing included file '/fastone/softwares/synopsys/vcs/S-2021.09-SP2/etc/uvm-1.2/macros/uvm_message_defines.svh'.
Back to file '/fastone/softwares/synopsys/vcs/S-2021.09-SP2/etc/uvm-1.2/uvm_macros.svh'.
Parsing included file '/fastone/softwares/synopsys/vcs/S-2021.09-SP2/etc/uvm-1.2/macros/uvm_phase_defines.svh'.
Back to file '/fastone/softwares/synopsys/vcs/S-2021.09-SP2/etc/uvm-1.2/uvm_macros.svh'.
Parsing included file '/fastone/softwares/synopsys/vcs/S-2021.09-SP2/etc/uvm-1.2/macros/uvm_object_defines.svh'.
Back to file '/fastone/softwares/synopsys/vcs/S-2021.09-SP2/etc/uvm-1.2/uvm_macros.svh'.
Parsing included file '/fastone/softwares/synopsys/vcs/S-2021.09-SP2/etc/uvm-1.2/macros/uvm_printer_defines.svh'.
Back to file '/fastone/softwares/synopsys/vcs/S-2021.09-SP2/etc/uvm-1.2/uvm_macros.svh'.
Parsing included file '/fastone/softwares/synopsys/vcs/S-2021.09-SP2/etc/uvm-1.2/macros/uvm_tlm_defines.svh'.
Parsing included file '/fastone/softwares/synopsys/vcs/S-2021.09-SP2/etc/uvm-1.2/tlm1/uvm_tlm_imps.svh'.
Back to file '/fastone/softwares/synopsys/vcs/S-2021.09-SP2/etc/uvm-1.2/macros/uvm_tlm_defines.svh'.
Back to file '/fastone/softwares/synopsys/vcs/S-2021.09-SP2/etc/uvm-1.2/uvm_macros.svh'.
Parsing included file '/fastone/softwares/synopsys/vcs/S-2021.09-SP2/etc/uvm-1.2/macros/uvm_sequence_defines.svh'.
Back to file '/fastone/softwares/synopsys/vcs/S-2021.09-SP2/etc/uvm-1.2/uvm_macros.svh'.
Parsing included file '/fastone/softwares/synopsys/vcs/S-2021.09-SP2/etc/uvm-1.2/macros/uvm_callback_defines.svh'.
Back to file '/fastone/softwares/synopsys/vcs/S-2021.09-SP2/etc/uvm-1.2/uvm_macros.svh'.
Parsing included file '/fastone/softwares/synopsys/vcs/S-2021.09-SP2/etc/uvm-1.2/macros/uvm_reg_defines.svh'.
Back to file '/fastone/softwares/synopsys/vcs/S-2021.09-SP2/etc/uvm-1.2/uvm_macros.svh'.
Parsing included file '/fastone/softwares/synopsys/vcs/S-2021.09-SP2/etc/uvm-1.2/macros/uvm_deprecated_defines.svh'.
Back to file '/fastone/softwares/synopsys/vcs/S-2021.09-SP2/etc/uvm-1.2/uvm_macros.svh'.
Back to file '/fastone/softwares/synopsys/vcs/S-2021.09-SP2/etc/uvm-1.2/uvm_pkg.sv'.
Parsing included file '/fastone/softwares/synopsys/vcs/S-2021.09-SP2/etc/uvm-1.2/dpi/uvm_dpi.svh'.
Parsing included file '/fastone/softwares/synopsys/vcs/S-2021.09-SP2/etc/uvm-1.2/dpi/uvm_hdl.svh'.
Back to file '/fastone/softwares/synopsys/vcs/S-2021.09-SP2/etc/uvm-1.2/dpi/uvm_dpi.svh'.
Parsing included file '/fastone/softwares/synopsys/vcs/S-2021.09-SP2/etc/uvm-1.2/dpi/uvm_svcmd_dpi.svh'.
Back to file '/fastone/softwares/synopsys/vcs/S-2021.09-SP2/etc/uvm-1.2/dpi/uvm_dpi.svh'.
Parsing included file '/fastone/softwares/synopsys/vcs/S-2021.09-SP2/etc/uvm-1.2/dpi/uvm_regex.svh'.
Back to file '/fastone/softwares/synopsys/vcs/S-2021.09-SP2/etc/uvm-1.2/dpi/uvm_dpi.svh'.
Back to file '/fastone/softwares/synopsys/vcs/S-2021.09-SP2/etc/uvm-1.2/uvm_pkg.sv'.
Parsing included file '/fastone/softwares/synopsys/vcs/S-2021.09-SP2/etc/uvm-1.2/base/uvm_base.svh'.
Parsing included file '/fastone/softwares/synopsys/vcs/S-2021.09-SP2/etc/uvm-1.2/base/uvm_coreservice.svh'.
Back to file '/fastone/softwares/synopsys/vcs/S-2021.09-SP2/etc/uvm-1.2/base/uvm_base.svh'.
Parsing included file '/fastone/softwares/synopsys/vcs/S-2021.09-SP2/etc/uvm-1.2/base/uvm_version.svh'.
Back to file '/fastone/softwares/synopsys/vcs/S-2021.09-SP2/etc/uvm-1.2/base/uvm_base.svh'.
Parsing included file '/fastone/softwares/synopsys/vcs/S-2021.09-SP2/etc/uvm-1.2/base/uvm_object_globals.svh'.
Back to file '/fastone/softwares/synopsys/vcs/S-2021.09-SP2/etc/uvm-1.2/base/uvm_base.svh'.
Parsing included file '/fastone/softwares/synopsys/vcs/S-2021.09-SP2/etc/uvm-1.2/base/uvm_misc.svh'.
Back to file '/fastone/softwares/synopsys/vcs/S-2021.09-SP2/etc/uvm-1.2/base/uvm_base.svh'.
Parsing included file '/fastone/softwares/synopsys/vcs/S-2021.09-SP2/etc/uvm-1.2/base/uvm_object.svh'.
Back to file '/fastone/softwares/synopsys/vcs/S-2021.09-SP2/etc/uvm-1.2/base/uvm_base.svh'.
Parsing included file '/fastone/softwares/synopsys/vcs/S-2021.09-SP2/etc/uvm-1.2/base/uvm_pool.svh'.
Back to file '/fastone/softwares/synopsys/vcs/S-2021.09-SP2/etc/uvm-1.2/base/uvm_base.svh'.
Parsing included file '/fastone/softwares/synopsys/vcs/S-2021.09-SP2/etc/uvm-1.2/base/uvm_queue.svh'.
Back to file '/fastone/softwares/synopsys/vcs/S-2021.09-SP2/etc/uvm-1.2/base/uvm_base.svh'.
Parsing included file '/fastone/softwares/synopsys/vcs/S-2021.09-SP2/etc/uvm-1.2/base/uvm_factory.svh'.
Back to file '/fastone/softwares/synopsys/vcs/S-2021.09-SP2/etc/uvm-1.2/base/uvm_base.svh'.
Parsing included file '/fastone/softwares/synopsys/vcs/S-2021.09-SP2/etc/uvm-1.2/base/uvm_registry.svh'.
Back to file '/fastone/softwares/synopsys/vcs/S-2021.09-SP2/etc/uvm-1.2/base/uvm_base.svh'.
Parsing included file '/fastone/softwares/synopsys/vcs/S-2021.09-SP2/etc/uvm-1.2/base/uvm_spell_chkr.svh'.
Back to file '/fastone/softwares/synopsys/vcs/S-2021.09-SP2/etc/uvm-1.2/base/uvm_base.svh'.
Parsing included file '/fastone/softwares/synopsys/vcs/S-2021.09-SP2/etc/uvm-1.2/base/uvm_resource.svh'.
Back to file '/fastone/softwares/synopsys/vcs/S-2021.09-SP2/etc/uvm-1.2/base/uvm_base.svh'.
Parsing included file '/fastone/softwares/synopsys/vcs/S-2021.09-SP2/etc/uvm-1.2/base/uvm_resource_specializations.svh'.
Back to file '/fastone/softwares/synopsys/vcs/S-2021.09-SP2/etc/uvm-1.2/base/uvm_base.svh'.
Parsing included file '/fastone/softwares/synopsys/vcs/S-2021.09-SP2/etc/uvm-1.2/base/uvm_resource_db.svh'.
Back to file '/fastone/softwares/synopsys/vcs/S-2021.09-SP2/etc/uvm-1.2/base/uvm_base.svh'.
Parsing included file '/fastone/softwares/synopsys/vcs/S-2021.09-SP2/etc/uvm-1.2/base/uvm_config_db.svh'.
Back to file '/fastone/softwares/synopsys/vcs/S-2021.09-SP2/etc/uvm-1.2/base/uvm_base.svh'.
Parsing included file '/fastone/softwares/synopsys/vcs/S-2021.09-SP2/etc/uvm-1.2/base/uvm_printer.svh'.
Back to file '/fastone/softwares/synopsys/vcs/S-2021.09-SP2/etc/uvm-1.2/base/uvm_base.svh'.
Parsing included file '/fastone/softwares/synopsys/vcs/S-2021.09-SP2/etc/uvm-1.2/base/uvm_comparer.svh'.
Back to file '/fastone/softwares/synopsys/vcs/S-2021.09-SP2/etc/uvm-1.2/base/uvm_base.svh'.
Parsing included file '/fastone/softwares/synopsys/vcs/S-2021.09-SP2/etc/uvm-1.2/base/uvm_packer.svh'.
Back to file '/fastone/softwares/synopsys/vcs/S-2021.09-SP2/etc/uvm-1.2/base/uvm_base.svh'.
Parsing included file '/fastone/softwares/synopsys/vcs/S-2021.09-SP2/etc/uvm-1.2/base/uvm_links.svh'.
Back to file '/fastone/softwares/synopsys/vcs/S-2021.09-SP2/etc/uvm-1.2/base/uvm_base.svh'.
Parsing included file '/fastone/softwares/synopsys/vcs/S-2021.09-SP2/etc/uvm-1.2/base/uvm_tr_database.svh'.
Back to file '/fastone/softwares/synopsys/vcs/S-2021.09-SP2/etc/uvm-1.2/base/uvm_base.svh'.
Parsing included file '/fastone/softwares/synopsys/vcs/S-2021.09-SP2/etc/uvm-1.2/base/uvm_tr_stream.svh'.
Back to file '/fastone/softwares/synopsys/vcs/S-2021.09-SP2/etc/uvm-1.2/base/uvm_base.svh'.
Parsing included file '/fastone/softwares/synopsys/vcs/S-2021.09-SP2/etc/uvm-1.2/base/uvm_recorder.svh'.
Back to file '/fastone/softwares/synopsys/vcs/S-2021.09-SP2/etc/uvm-1.2/base/uvm_base.svh'.
Parsing included file '/fastone/softwares/synopsys/vcs/S-2021.09-SP2/etc/uvm-1.2/base/uvm_event_callback.svh'.
Back to file '/fastone/softwares/synopsys/vcs/S-2021.09-SP2/etc/uvm-1.2/base/uvm_base.svh'.
Parsing included file '/fastone/softwares/synopsys/vcs/S-2021.09-SP2/etc/uvm-1.2/base/uvm_event.svh'.
Back to file '/fastone/softwares/synopsys/vcs/S-2021.09-SP2/etc/uvm-1.2/base/uvm_base.svh'.
Parsing included file '/fastone/softwares/synopsys/vcs/S-2021.09-SP2/etc/uvm-1.2/base/uvm_barrier.svh'.
Back to file '/fastone/softwares/synopsys/vcs/S-2021.09-SP2/etc/uvm-1.2/base/uvm_base.svh'.
Parsing included file '/fastone/softwares/synopsys/vcs/S-2021.09-SP2/etc/uvm-1.2/base/uvm_callback.svh'.
Parsing included file '/fastone/softwares/synopsys/vcs/S-2021.09-SP2/etc/uvm-1.2/uvm_macros.svh'.
Back to file '/fastone/softwares/synopsys/vcs/S-2021.09-SP2/etc/uvm-1.2/base/uvm_callback.svh'.
Back to file '/fastone/softwares/synopsys/vcs/S-2021.09-SP2/etc/uvm-1.2/base/uvm_base.svh'.
Parsing included file '/fastone/softwares/synopsys/vcs/S-2021.09-SP2/etc/uvm-1.2/base/uvm_report_message.svh'.
Back to file '/fastone/softwares/synopsys/vcs/S-2021.09-SP2/etc/uvm-1.2/base/uvm_base.svh'.
Parsing included file '/fastone/softwares/synopsys/vcs/S-2021.09-SP2/etc/uvm-1.2/base/uvm_report_catcher.svh'.
Back to file '/fastone/softwares/synopsys/vcs/S-2021.09-SP2/etc/uvm-1.2/base/uvm_base.svh'.
Parsing included file '/fastone/softwares/synopsys/vcs/S-2021.09-SP2/etc/uvm-1.2/base/uvm_report_server.svh'.
Back to file '/fastone/softwares/synopsys/vcs/S-2021.09-SP2/etc/uvm-1.2/base/uvm_base.svh'.
Parsing included file '/fastone/softwares/synopsys/vcs/S-2021.09-SP2/etc/uvm-1.2/base/uvm_report_handler.svh'.
Back to file '/fastone/softwares/synopsys/vcs/S-2021.09-SP2/etc/uvm-1.2/base/uvm_base.svh'.
Parsing included file '/fastone/softwares/synopsys/vcs/S-2021.09-SP2/etc/uvm-1.2/base/uvm_report_object.svh'.
Back to file '/fastone/softwares/synopsys/vcs/S-2021.09-SP2/etc/uvm-1.2/base/uvm_base.svh'.
Parsing included file '/fastone/softwares/synopsys/vcs/S-2021.09-SP2/etc/uvm-1.2/base/uvm_transaction.svh'.
Back to file '/fastone/softwares/synopsys/vcs/S-2021.09-SP2/etc/uvm-1.2/base/uvm_base.svh'.
Parsing included file '/fastone/softwares/synopsys/vcs/S-2021.09-SP2/etc/uvm-1.2/base/uvm_phase.svh'.
Back to file '/fastone/softwares/synopsys/vcs/S-2021.09-SP2/etc/uvm-1.2/base/uvm_base.svh'.
Parsing included file '/fastone/softwares/synopsys/vcs/S-2021.09-SP2/etc/uvm-1.2/base/uvm_domain.svh'.
Back to file '/fastone/softwares/synopsys/vcs/S-2021.09-SP2/etc/uvm-1.2/base/uvm_base.svh'.
Parsing included file '/fastone/softwares/synopsys/vcs/S-2021.09-SP2/etc/uvm-1.2/base/uvm_bottomup_phase.svh'.
Back to file '/fastone/softwares/synopsys/vcs/S-2021.09-SP2/etc/uvm-1.2/base/uvm_base.svh'.
Parsing included file '/fastone/softwares/synopsys/vcs/S-2021.09-SP2/etc/uvm-1.2/base/uvm_topdown_phase.svh'.
Back to file '/fastone/softwares/synopsys/vcs/S-2021.09-SP2/etc/uvm-1.2/base/uvm_base.svh'.
Parsing included file '/fastone/softwares/synopsys/vcs/S-2021.09-SP2/etc/uvm-1.2/base/uvm_task_phase.svh'.
Back to file '/fastone/softwares/synopsys/vcs/S-2021.09-SP2/etc/uvm-1.2/base/uvm_base.svh'.
Parsing included file '/fastone/softwares/synopsys/vcs/S-2021.09-SP2/etc/uvm-1.2/base/uvm_common_phases.svh'.
Back to file '/fastone/softwares/synopsys/vcs/S-2021.09-SP2/etc/uvm-1.2/base/uvm_base.svh'.
Parsing included file '/fastone/softwares/synopsys/vcs/S-2021.09-SP2/etc/uvm-1.2/base/uvm_runtime_phases.svh'.
Back to file '/fastone/softwares/synopsys/vcs/S-2021.09-SP2/etc/uvm-1.2/base/uvm_base.svh'.
Parsing included file '/fastone/softwares/synopsys/vcs/S-2021.09-SP2/etc/uvm-1.2/base/uvm_component.svh'.
Parsing included file '/fastone/softwares/synopsys/vcs/S-2021.09-SP2/etc/uvm-1.2/base/uvm_root.svh'.
Back to file '/fastone/softwares/synopsys/vcs/S-2021.09-SP2/etc/uvm-1.2/base/uvm_component.svh'.
Back to file '/fastone/softwares/synopsys/vcs/S-2021.09-SP2/etc/uvm-1.2/base/uvm_base.svh'.
Parsing included file '/fastone/softwares/synopsys/vcs/S-2021.09-SP2/etc/uvm-1.2/base/uvm_objection.svh'.
Back to file '/fastone/softwares/synopsys/vcs/S-2021.09-SP2/etc/uvm-1.2/base/uvm_base.svh'.
Parsing included file '/fastone/softwares/synopsys/vcs/S-2021.09-SP2/etc/uvm-1.2/base/uvm_heartbeat.svh'.
Back to file '/fastone/softwares/synopsys/vcs/S-2021.09-SP2/etc/uvm-1.2/base/uvm_base.svh'.
Parsing included file '/fastone/softwares/synopsys/vcs/S-2021.09-SP2/etc/uvm-1.2/base/uvm_globals.svh'.
Back to file '/fastone/softwares/synopsys/vcs/S-2021.09-SP2/etc/uvm-1.2/base/uvm_base.svh'.
Parsing included file '/fastone/softwares/synopsys/vcs/S-2021.09-SP2/etc/uvm-1.2/base/uvm_cmdline_processor.svh'.
Back to file '/fastone/softwares/synopsys/vcs/S-2021.09-SP2/etc/uvm-1.2/base/uvm_base.svh'.
Parsing included file '/fastone/softwares/synopsys/vcs/S-2021.09-SP2/etc/uvm-1.2/base/uvm_traversal.svh'.
Back to file '/fastone/softwares/synopsys/vcs/S-2021.09-SP2/etc/uvm-1.2/base/uvm_base.svh'.
Back to file '/fastone/softwares/synopsys/vcs/S-2021.09-SP2/etc/uvm-1.2/uvm_pkg.sv'.
Parsing included file '/fastone/softwares/synopsys/vcs/S-2021.09-SP2/etc/uvm-1.2/dap/uvm_dap.svh'.
Parsing included file '/fastone/softwares/synopsys/vcs/S-2021.09-SP2/etc/uvm-1.2/dap/uvm_set_get_dap_base.svh'.
Back to file '/fastone/softwares/synopsys/vcs/S-2021.09-SP2/etc/uvm-1.2/dap/uvm_dap.svh'.
Parsing included file '/fastone/softwares/synopsys/vcs/S-2021.09-SP2/etc/uvm-1.2/dap/uvm_simple_lock_dap.svh'.
Back to file '/fastone/softwares/synopsys/vcs/S-2021.09-SP2/etc/uvm-1.2/dap/uvm_dap.svh'.
Parsing included file '/fastone/softwares/synopsys/vcs/S-2021.09-SP2/etc/uvm-1.2/dap/uvm_get_to_lock_dap.svh'.
Back to file '/fastone/softwares/synopsys/vcs/S-2021.09-SP2/etc/uvm-1.2/dap/uvm_dap.svh'.
Parsing included file '/fastone/softwares/synopsys/vcs/S-2021.09-SP2/etc/uvm-1.2/dap/uvm_set_before_get_dap.svh'.
Back to file '/fastone/softwares/synopsys/vcs/S-2021.09-SP2/etc/uvm-1.2/dap/uvm_dap.svh'.
Back to file '/fastone/softwares/synopsys/vcs/S-2021.09-SP2/etc/uvm-1.2/uvm_pkg.sv'.
Parsing included file '/fastone/softwares/synopsys/vcs/S-2021.09-SP2/etc/uvm-1.2/tlm1/uvm_tlm.svh'.
Parsing included file '/fastone/softwares/synopsys/vcs/S-2021.09-SP2/etc/uvm-1.2/tlm1/uvm_tlm_ifs.svh'.
Back to file '/fastone/softwares/synopsys/vcs/S-2021.09-SP2/etc/uvm-1.2/tlm1/uvm_tlm.svh'.
Parsing included file '/fastone/softwares/synopsys/vcs/S-2021.09-SP2/etc/uvm-1.2/tlm1/uvm_sqr_ifs.svh'.
Back to file '/fastone/softwares/synopsys/vcs/S-2021.09-SP2/etc/uvm-1.2/tlm1/uvm_tlm.svh'.
Parsing included file '/fastone/softwares/synopsys/vcs/S-2021.09-SP2/etc/uvm-1.2/base/uvm_port_base.svh'.
Back to file '/fastone/softwares/synopsys/vcs/S-2021.09-SP2/etc/uvm-1.2/tlm1/uvm_tlm.svh'.
Parsing included file '/fastone/softwares/synopsys/vcs/S-2021.09-SP2/etc/uvm-1.2/tlm1/uvm_tlm_imps.svh'.
Back to file '/fastone/softwares/synopsys/vcs/S-2021.09-SP2/etc/uvm-1.2/tlm1/uvm_tlm.svh'.
Parsing included file '/fastone/softwares/synopsys/vcs/S-2021.09-SP2/etc/uvm-1.2/tlm1/uvm_imps.svh'.
Back to file '/fastone/softwares/synopsys/vcs/S-2021.09-SP2/etc/uvm-1.2/tlm1/uvm_tlm.svh'.
Parsing included file '/fastone/softwares/synopsys/vcs/S-2021.09-SP2/etc/uvm-1.2/tlm1/uvm_ports.svh'.
Back to file '/fastone/softwares/synopsys/vcs/S-2021.09-SP2/etc/uvm-1.2/tlm1/uvm_tlm.svh'.
Parsing included file '/fastone/softwares/synopsys/vcs/S-2021.09-SP2/etc/uvm-1.2/tlm1/uvm_exports.svh'.
Back to file '/fastone/softwares/synopsys/vcs/S-2021.09-SP2/etc/uvm-1.2/tlm1/uvm_tlm.svh'.
Parsing included file '/fastone/softwares/synopsys/vcs/S-2021.09-SP2/etc/uvm-1.2/tlm1/uvm_analysis_port.svh'.
Back to file '/fastone/softwares/synopsys/vcs/S-2021.09-SP2/etc/uvm-1.2/tlm1/uvm_tlm.svh'.
Parsing included file '/fastone/softwares/synopsys/vcs/S-2021.09-SP2/etc/uvm-1.2/tlm1/uvm_tlm_fifo_base.svh'.
Back to file '/fastone/softwares/synopsys/vcs/S-2021.09-SP2/etc/uvm-1.2/tlm1/uvm_tlm.svh'.
Parsing included file '/fastone/softwares/synopsys/vcs/S-2021.09-SP2/etc/uvm-1.2/tlm1/uvm_tlm_fifos.svh'.
Back to file '/fastone/softwares/synopsys/vcs/S-2021.09-SP2/etc/uvm-1.2/tlm1/uvm_tlm.svh'.
Parsing included file '/fastone/softwares/synopsys/vcs/S-2021.09-SP2/etc/uvm-1.2/tlm1/uvm_tlm_req_rsp.svh'.
Back to file '/fastone/softwares/synopsys/vcs/S-2021.09-SP2/etc/uvm-1.2/tlm1/uvm_tlm.svh'.
Parsing included file '/fastone/softwares/synopsys/vcs/S-2021.09-SP2/etc/uvm-1.2/tlm1/uvm_sqr_connections.svh'.
Back to file '/fastone/softwares/synopsys/vcs/S-2021.09-SP2/etc/uvm-1.2/tlm1/uvm_tlm.svh'.
Back to file '/fastone/softwares/synopsys/vcs/S-2021.09-SP2/etc/uvm-1.2/uvm_pkg.sv'.
Parsing included file '/fastone/softwares/synopsys/vcs/S-2021.09-SP2/etc/uvm-1.2/comps/uvm_comps.svh'.
Parsing included file '/fastone/softwares/synopsys/vcs/S-2021.09-SP2/etc/uvm-1.2/comps/uvm_pair.svh'.
Back to file '/fastone/softwares/synopsys/vcs/S-2021.09-SP2/etc/uvm-1.2/comps/uvm_comps.svh'.
Parsing included file '/fastone/softwares/synopsys/vcs/S-2021.09-SP2/etc/uvm-1.2/comps/uvm_policies.svh'.
Back to file '/fastone/softwares/synopsys/vcs/S-2021.09-SP2/etc/uvm-1.2/comps/uvm_comps.svh'.
Parsing included file '/fastone/softwares/synopsys/vcs/S-2021.09-SP2/etc/uvm-1.2/comps/uvm_in_order_comparator.svh'.
Back to file '/fastone/softwares/synopsys/vcs/S-2021.09-SP2/etc/uvm-1.2/comps/uvm_comps.svh'.
Parsing included file '/fastone/softwares/synopsys/vcs/S-2021.09-SP2/etc/uvm-1.2/comps/uvm_algorithmic_comparator.svh'.
Back to file '/fastone/softwares/synopsys/vcs/S-2021.09-SP2/etc/uvm-1.2/comps/uvm_comps.svh'.
Parsing included file '/fastone/softwares/synopsys/vcs/S-2021.09-SP2/etc/uvm-1.2/comps/uvm_random_stimulus.svh'.
Back to file '/fastone/softwares/synopsys/vcs/S-2021.09-SP2/etc/uvm-1.2/comps/uvm_comps.svh'.
Parsing included file '/fastone/softwares/synopsys/vcs/S-2021.09-SP2/etc/uvm-1.2/comps/uvm_subscriber.svh'.
Back to file '/fastone/softwares/synopsys/vcs/S-2021.09-SP2/etc/uvm-1.2/comps/uvm_comps.svh'.
Parsing included file '/fastone/softwares/synopsys/vcs/S-2021.09-SP2/etc/uvm-1.2/comps/uvm_monitor.svh'.
Back to file '/fastone/softwares/synopsys/vcs/S-2021.09-SP2/etc/uvm-1.2/comps/uvm_comps.svh'.
Parsing included file '/fastone/softwares/synopsys/vcs/S-2021.09-SP2/etc/uvm-1.2/comps/uvm_driver.svh'.
Back to file '/fastone/softwares/synopsys/vcs/S-2021.09-SP2/etc/uvm-1.2/comps/uvm_comps.svh'.
Parsing included file '/fastone/softwares/synopsys/vcs/S-2021.09-SP2/etc/uvm-1.2/comps/uvm_push_driver.svh'.
Back to file '/fastone/softwares/synopsys/vcs/S-2021.09-SP2/etc/uvm-1.2/comps/uvm_comps.svh'.
Parsing included file '/fastone/softwares/synopsys/vcs/S-2021.09-SP2/etc/uvm-1.2/comps/uvm_scoreboard.svh'.
Back to file '/fastone/softwares/synopsys/vcs/S-2021.09-SP2/etc/uvm-1.2/comps/uvm_comps.svh'.
Parsing included file '/fastone/softwares/synopsys/vcs/S-2021.09-SP2/etc/uvm-1.2/comps/uvm_agent.svh'.
Back to file '/fastone/softwares/synopsys/vcs/S-2021.09-SP2/etc/uvm-1.2/comps/uvm_comps.svh'.
Parsing included file '/fastone/softwares/synopsys/vcs/S-2021.09-SP2/etc/uvm-1.2/comps/uvm_env.svh'.
Back to file '/fastone/softwares/synopsys/vcs/S-2021.09-SP2/etc/uvm-1.2/comps/uvm_comps.svh'.
Parsing included file '/fastone/softwares/synopsys/vcs/S-2021.09-SP2/etc/uvm-1.2/comps/uvm_test.svh'.
Back to file '/fastone/softwares/synopsys/vcs/S-2021.09-SP2/etc/uvm-1.2/comps/uvm_comps.svh'.
Back to file '/fastone/softwares/synopsys/vcs/S-2021.09-SP2/etc/uvm-1.2/uvm_pkg.sv'.
Parsing included file '/fastone/softwares/synopsys/vcs/S-2021.09-SP2/etc/uvm-1.2/seq/uvm_seq.svh'.
Parsing included file '/fastone/softwares/synopsys/vcs/S-2021.09-SP2/etc/uvm-1.2/seq/uvm_sequence_item.svh'.
Back to file '/fastone/softwares/synopsys/vcs/S-2021.09-SP2/etc/uvm-1.2/seq/uvm_seq.svh'.
Parsing included file '/fastone/softwares/synopsys/vcs/S-2021.09-SP2/etc/uvm-1.2/seq/uvm_sequencer_base.svh'.
Back to file '/fastone/softwares/synopsys/vcs/S-2021.09-SP2/etc/uvm-1.2/seq/uvm_seq.svh'.
Parsing included file '/fastone/softwares/synopsys/vcs/S-2021.09-SP2/etc/uvm-1.2/seq/uvm_sequencer_analysis_fifo.svh'.
Back to file '/fastone/softwares/synopsys/vcs/S-2021.09-SP2/etc/uvm-1.2/seq/uvm_seq.svh'.
Parsing included file '/fastone/softwares/synopsys/vcs/S-2021.09-SP2/etc/uvm-1.2/seq/uvm_sequencer_param_base.svh'.
Back to file '/fastone/softwares/synopsys/vcs/S-2021.09-SP2/etc/uvm-1.2/seq/uvm_seq.svh'.
Parsing included file '/fastone/softwares/synopsys/vcs/S-2021.09-SP2/etc/uvm-1.2/seq/uvm_sequencer.svh'.
Back to file '/fastone/softwares/synopsys/vcs/S-2021.09-SP2/etc/uvm-1.2/seq/uvm_seq.svh'.
Parsing included file '/fastone/softwares/synopsys/vcs/S-2021.09-SP2/etc/uvm-1.2/seq/uvm_push_sequencer.svh'.
Back to file '/fastone/softwares/synopsys/vcs/S-2021.09-SP2/etc/uvm-1.2/seq/uvm_seq.svh'.
Parsing included file '/fastone/softwares/synopsys/vcs/S-2021.09-SP2/etc/uvm-1.2/seq/uvm_sequence_base.svh'.
Back to file '/fastone/softwares/synopsys/vcs/S-2021.09-SP2/etc/uvm-1.2/seq/uvm_seq.svh'.
Parsing included file '/fastone/softwares/synopsys/vcs/S-2021.09-SP2/etc/uvm-1.2/seq/uvm_sequence.svh'.
Back to file '/fastone/softwares/synopsys/vcs/S-2021.09-SP2/etc/uvm-1.2/seq/uvm_seq.svh'.
Parsing included file '/fastone/softwares/synopsys/vcs/S-2021.09-SP2/etc/uvm-1.2/seq/uvm_sequence_library.svh'.
Back to file '/fastone/softwares/synopsys/vcs/S-2021.09-SP2/etc/uvm-1.2/seq/uvm_seq.svh'.
Parsing included file '/fastone/softwares/synopsys/vcs/S-2021.09-SP2/etc/uvm-1.2/seq/uvm_sequence_builtin.svh'.
Back to file '/fastone/softwares/synopsys/vcs/S-2021.09-SP2/etc/uvm-1.2/seq/uvm_seq.svh'.
Back to file '/fastone/softwares/synopsys/vcs/S-2021.09-SP2/etc/uvm-1.2/uvm_pkg.sv'.
Parsing included file '/fastone/softwares/synopsys/vcs/S-2021.09-SP2/etc/uvm-1.2/tlm2/uvm_tlm2.svh'.
Parsing included file '/fastone/softwares/synopsys/vcs/S-2021.09-SP2/etc/uvm-1.2/tlm2/uvm_tlm2_defines.svh'.
Back to file '/fastone/softwares/synopsys/vcs/S-2021.09-SP2/etc/uvm-1.2/tlm2/uvm_tlm2.svh'.
Parsing included file '/fastone/softwares/synopsys/vcs/S-2021.09-SP2/etc/uvm-1.2/tlm2/uvm_tlm2_time.svh'.
Back to file '/fastone/softwares/synopsys/vcs/S-2021.09-SP2/etc/uvm-1.2/tlm2/uvm_tlm2.svh'.
Parsing included file '/fastone/softwares/synopsys/vcs/S-2021.09-SP2/etc/uvm-1.2/tlm2/uvm_tlm2_generic_payload.svh'.
Back to file '/fastone/softwares/synopsys/vcs/S-2021.09-SP2/etc/uvm-1.2/tlm2/uvm_tlm2.svh'.
Parsing included file '/fastone/softwares/synopsys/vcs/S-2021.09-SP2/etc/uvm-1.2/tlm2/uvm_tlm2_ifs.svh'.
Back to file '/fastone/softwares/synopsys/vcs/S-2021.09-SP2/etc/uvm-1.2/tlm2/uvm_tlm2.svh'.
Parsing included file '/fastone/softwares/synopsys/vcs/S-2021.09-SP2/etc/uvm-1.2/tlm2/uvm_tlm2_imps.svh'.
Back to file '/fastone/softwares/synopsys/vcs/S-2021.09-SP2/etc/uvm-1.2/tlm2/uvm_tlm2.svh'.
Parsing included file '/fastone/softwares/synopsys/vcs/S-2021.09-SP2/etc/uvm-1.2/tlm2/uvm_tlm2_ports.svh'.
Back to file '/fastone/softwares/synopsys/vcs/S-2021.09-SP2/etc/uvm-1.2/tlm2/uvm_tlm2.svh'.
Parsing included file '/fastone/softwares/synopsys/vcs/S-2021.09-SP2/etc/uvm-1.2/tlm2/uvm_tlm2_exports.svh'.
Back to file '/fastone/softwares/synopsys/vcs/S-2021.09-SP2/etc/uvm-1.2/tlm2/uvm_tlm2.svh'.
Parsing included file '/fastone/softwares/synopsys/vcs/S-2021.09-SP2/etc/uvm-1.2/tlm2/uvm_tlm2_sockets_base.svh'.
Back to file '/fastone/softwares/synopsys/vcs/S-2021.09-SP2/etc/uvm-1.2/tlm2/uvm_tlm2.svh'.
Parsing included file '/fastone/softwares/synopsys/vcs/S-2021.09-SP2/etc/uvm-1.2/tlm2/uvm_tlm2_sockets.svh'.
Back to file '/fastone/softwares/synopsys/vcs/S-2021.09-SP2/etc/uvm-1.2/tlm2/uvm_tlm2.svh'.
Back to file '/fastone/softwares/synopsys/vcs/S-2021.09-SP2/etc/uvm-1.2/uvm_pkg.sv'.
Parsing included file '/fastone/softwares/synopsys/vcs/S-2021.09-SP2/etc/uvm-1.2/reg/uvm_reg_model.svh'.
Parsing included file '/fastone/softwares/synopsys/vcs/S-2021.09-SP2/etc/uvm-1.2/reg/uvm_reg_item.svh'.
Back to file '/fastone/softwares/synopsys/vcs/S-2021.09-SP2/etc/uvm-1.2/reg/uvm_reg_model.svh'.
Parsing included file '/fastone/softwares/synopsys/vcs/S-2021.09-SP2/etc/uvm-1.2/reg/uvm_reg_adapter.svh'.
Back to file '/fastone/softwares/synopsys/vcs/S-2021.09-SP2/etc/uvm-1.2/reg/uvm_reg_model.svh'.
Parsing included file '/fastone/softwares/synopsys/vcs/S-2021.09-SP2/etc/uvm-1.2/reg/uvm_reg_predictor.svh'.
Back to file '/fastone/softwares/synopsys/vcs/S-2021.09-SP2/etc/uvm-1.2/reg/uvm_reg_model.svh'.
Parsing included file '/fastone/softwares/synopsys/vcs/S-2021.09-SP2/etc/uvm-1.2/reg/uvm_reg_sequence.svh'.
Back to file '/fastone/softwares/synopsys/vcs/S-2021.09-SP2/etc/uvm-1.2/reg/uvm_reg_model.svh'.
Parsing included file '/fastone/softwares/synopsys/vcs/S-2021.09-SP2/etc/uvm-1.2/reg/uvm_reg_cbs.svh'.
Back to file '/fastone/softwares/synopsys/vcs/S-2021.09-SP2/etc/uvm-1.2/reg/uvm_reg_model.svh'.
Parsing included file '/fastone/softwares/synopsys/vcs/S-2021.09-SP2/etc/uvm-1.2/reg/uvm_reg_backdoor.svh'.
Back to file '/fastone/softwares/synopsys/vcs/S-2021.09-SP2/etc/uvm-1.2/reg/uvm_reg_model.svh'.
Parsing included file '/fastone/softwares/synopsys/vcs/S-2021.09-SP2/etc/uvm-1.2/reg/uvm_reg_field.svh'.
Back to file '/fastone/softwares/synopsys/vcs/S-2021.09-SP2/etc/uvm-1.2/reg/uvm_reg_model.svh'.
Parsing included file '/fastone/softwares/synopsys/vcs/S-2021.09-SP2/etc/uvm-1.2/reg/uvm_vreg_field.svh'.
Back to file '/fastone/softwares/synopsys/vcs/S-2021.09-SP2/etc/uvm-1.2/reg/uvm_reg_model.svh'.
Parsing included file '/fastone/softwares/synopsys/vcs/S-2021.09-SP2/etc/uvm-1.2/reg/uvm_reg.svh'.
Back to file '/fastone/softwares/synopsys/vcs/S-2021.09-SP2/etc/uvm-1.2/reg/uvm_reg_model.svh'.
Parsing included file '/fastone/softwares/synopsys/vcs/S-2021.09-SP2/etc/uvm-1.2/reg/uvm_reg_indirect.svh'.
Back to file '/fastone/softwares/synopsys/vcs/S-2021.09-SP2/etc/uvm-1.2/reg/uvm_reg_model.svh'.
Parsing included file '/fastone/softwares/synopsys/vcs/S-2021.09-SP2/etc/uvm-1.2/reg/uvm_reg_fifo.svh'.
Back to file '/fastone/softwares/synopsys/vcs/S-2021.09-SP2/etc/uvm-1.2/reg/uvm_reg_model.svh'.
Parsing included file '/fastone/softwares/synopsys/vcs/S-2021.09-SP2/etc/uvm-1.2/reg/uvm_reg_file.svh'.
Back to file '/fastone/softwares/synopsys/vcs/S-2021.09-SP2/etc/uvm-1.2/reg/uvm_reg_model.svh'.
Parsing included file '/fastone/softwares/synopsys/vcs/S-2021.09-SP2/etc/uvm-1.2/reg/uvm_mem_mam.svh'.
Back to file '/fastone/softwares/synopsys/vcs/S-2021.09-SP2/etc/uvm-1.2/reg/uvm_reg_model.svh'.
Parsing included file '/fastone/softwares/synopsys/vcs/S-2021.09-SP2/etc/uvm-1.2/reg/uvm_vreg.svh'.
Back to file '/fastone/softwares/synopsys/vcs/S-2021.09-SP2/etc/uvm-1.2/reg/uvm_reg_model.svh'.
Parsing included file '/fastone/softwares/synopsys/vcs/S-2021.09-SP2/etc/uvm-1.2/reg/uvm_mem.svh'.
Back to file '/fastone/softwares/synopsys/vcs/S-2021.09-SP2/etc/uvm-1.2/reg/uvm_reg_model.svh'.
Parsing included file '/fastone/softwares/synopsys/vcs/S-2021.09-SP2/etc/uvm-1.2/reg/uvm_reg_map.svh'.
Back to file '/fastone/softwares/synopsys/vcs/S-2021.09-SP2/etc/uvm-1.2/reg/uvm_reg_model.svh'.
Parsing included file '/fastone/softwares/synopsys/vcs/S-2021.09-SP2/etc/uvm-1.2/reg/uvm_reg_block.svh'.
Back to file '/fastone/softwares/synopsys/vcs/S-2021.09-SP2/etc/uvm-1.2/reg/uvm_reg_model.svh'.
Parsing included file '/fastone/softwares/synopsys/vcs/S-2021.09-SP2/etc/uvm-1.2/reg/sequences/uvm_reg_hw_reset_seq.svh'.
Back to file '/fastone/softwares/synopsys/vcs/S-2021.09-SP2/etc/uvm-1.2/reg/uvm_reg_model.svh'.
Parsing included file '/fastone/softwares/synopsys/vcs/S-2021.09-SP2/etc/uvm-1.2/reg/sequences/uvm_reg_bit_bash_seq.svh'.
Back to file '/fastone/softwares/synopsys/vcs/S-2021.09-SP2/etc/uvm-1.2/reg/uvm_reg_model.svh'.
Parsing included file '/fastone/softwares/synopsys/vcs/S-2021.09-SP2/etc/uvm-1.2/reg/sequences/uvm_mem_walk_seq.svh'.
Back to file '/fastone/softwares/synopsys/vcs/S-2021.09-SP2/etc/uvm-1.2/reg/uvm_reg_model.svh'.
Parsing included file '/fastone/softwares/synopsys/vcs/S-2021.09-SP2/etc/uvm-1.2/reg/sequences/uvm_mem_access_seq.svh'.
Back to file '/fastone/softwares/synopsys/vcs/S-2021.09-SP2/etc/uvm-1.2/reg/uvm_reg_model.svh'.
Parsing included file '/fastone/softwares/synopsys/vcs/S-2021.09-SP2/etc/uvm-1.2/reg/sequences/uvm_reg_access_seq.svh'.
Back to file '/fastone/softwares/synopsys/vcs/S-2021.09-SP2/etc/uvm-1.2/reg/uvm_reg_model.svh'.
Parsing included file '/fastone/softwares/synopsys/vcs/S-2021.09-SP2/etc/uvm-1.2/reg/sequences/uvm_reg_mem_shared_access_seq.svh'.
Back to file '/fastone/softwares/synopsys/vcs/S-2021.09-SP2/etc/uvm-1.2/reg/uvm_reg_model.svh'.
Parsing included file '/fastone/softwares/synopsys/vcs/S-2021.09-SP2/etc/uvm-1.2/reg/sequences/uvm_reg_mem_built_in_seq.svh'.
Back to file '/fastone/softwares/synopsys/vcs/S-2021.09-SP2/etc/uvm-1.2/reg/uvm_reg_model.svh'.
Parsing included file '/fastone/softwares/synopsys/vcs/S-2021.09-SP2/etc/uvm-1.2/reg/sequences/uvm_reg_mem_hdl_paths_seq.svh'.
Back to file '/fastone/softwares/synopsys/vcs/S-2021.09-SP2/etc/uvm-1.2/reg/uvm_reg_model.svh'.
Parsing included file '/fastone/softwares/synopsys/vcs/S-2021.09-SP2/etc/uvm-1.2/reg/snps_uvm_reg_bank.svh'.
Back to file '/fastone/softwares/synopsys/vcs/S-2021.09-SP2/etc/uvm-1.2/reg/uvm_reg_model.svh'.
Back to file '/fastone/softwares/synopsys/vcs/S-2021.09-SP2/etc/uvm-1.2/uvm_pkg.sv'.
Parsing included file '/fastone/softwares/synopsys/vcs/S-2021.09-SP2/etc/uvm-1.2/vcs/vcs_uvm_alt.sv'.
Back to file '/fastone/softwares/synopsys/vcs/S-2021.09-SP2/etc/uvm-1.2/uvm_pkg.sv'.
Parsing design file '/fastone/softwares/synopsys/vcs/S-2021.09-SP2/etc/uvm-1.2/vcs/uvm_custom_install_vcs_recorder.sv'
Parsing included file '/fastone/softwares/synopsys/vcs/S-2021.09-SP2/etc/uvm-1.2/vcs/msglog.svh'.
Back to file '/fastone/softwares/synopsys/vcs/S-2021.09-SP2/etc/uvm-1.2/vcs/uvm_custom_install_vcs_recorder.sv'.
Parsing included file '/fastone/softwares/synopsys/vcs/S-2021.09-SP2/etc/uvm-1.2/vcs/uvm_msglog_report_server.sv'.
Back to file '/fastone/softwares/synopsys/vcs/S-2021.09-SP2/etc/uvm-1.2/vcs/uvm_custom_install_vcs_recorder.sv'.
Parsing included file '/fastone/softwares/synopsys/vcs/S-2021.09-SP2/etc/uvm-1.2/vcs/uvm_vcs_recorder.svh'.
Parsing included file '/fastone/softwares/synopsys/vcs/S-2021.09-SP2/etc/uvm-1.2/vcs/uvm_vcs_tr_database.svh'.
Parsing included file '/fastone/softwares/synopsys/vcs/S-2021.09-SP2/etc/uvm-1.2/vcs/uvm_vcs_tr_stream.svh'.
Back to file '/fastone/softwares/synopsys/vcs/S-2021.09-SP2/etc/uvm-1.2/vcs/uvm_vcs_tr_database.svh'.
Back to file '/fastone/softwares/synopsys/vcs/S-2021.09-SP2/etc/uvm-1.2/vcs/uvm_vcs_recorder.svh'.
Back to file '/fastone/softwares/synopsys/vcs/S-2021.09-SP2/etc/uvm-1.2/vcs/uvm_custom_install_vcs_recorder.sv'.
Parsing included file '/fastone/softwares/synopsys/vcs/S-2021.09-SP2/etc/uvm-1.2/vcs/uvm_vcs_record_interface.sv'.
Back to file '/fastone/softwares/synopsys/vcs/S-2021.09-SP2/etc/uvm-1.2/vcs/uvm_custom_install_vcs_recorder.sv'.
Parsing design file '/fastone/softwares/synopsys/vcs/S-2021.09-SP2/etc/uvm-1.2/verdi/uvm_custom_install_verdi_recorder.sv'
Parsing included file '/fastone/softwares/synopsys/vcs/S-2021.09-SP2/etc/uvm-1.2/uvm_macros.svh'.
Back to file '/fastone/softwares/synopsys/vcs/S-2021.09-SP2/etc/uvm-1.2/verdi/uvm_custom_install_verdi_recorder.sv'.
Parsing included file '/fastone/softwares/synopsys/vcs/S-2021.09-SP2/etc/uvm-1.2/verdi/uvm_verdi_recorder.svh'.
Parsing included file '/fastone/softwares/synopsys/vcs/S-2021.09-SP2/etc/uvm-1.2/verdi/uvm_verdi_pli_base.svh'.
Back to file '/fastone/softwares/synopsys/vcs/S-2021.09-SP2/etc/uvm-1.2/verdi/uvm_verdi_recorder.svh'.
Parsing included file '/fastone/softwares/synopsys/vcs/S-2021.09-SP2/etc/uvm-1.2/verdi/uvm_verdi_tr_database.svh'.
Parsing included file '/fastone/softwares/synopsys/vcs/S-2021.09-SP2/etc/uvm-1.2/verdi/uvm_verdi_tr_stream.svh'.
Back to file '/fastone/softwares/synopsys/vcs/S-2021.09-SP2/etc/uvm-1.2/verdi/uvm_verdi_tr_database.svh'.
Back to file '/fastone/softwares/synopsys/vcs/S-2021.09-SP2/etc/uvm-1.2/verdi/uvm_verdi_recorder.svh'.
Back to file '/fastone/softwares/synopsys/vcs/S-2021.09-SP2/etc/uvm-1.2/verdi/uvm_custom_install_verdi_recorder.sv'.
Parsing included file '/fastone/softwares/synopsys/vcs/S-2021.09-SP2/etc/uvm-1.2/verdi/uvm_verdi_reg_map_recording.sv'.
Back to file '/fastone/softwares/synopsys/vcs/S-2021.09-SP2/etc/uvm-1.2/verdi/uvm_custom_install_verdi_recorder.sv'.
Parsing included file '/fastone/softwares/synopsys/vcs/S-2021.09-SP2/etc/uvm-1.2/verdi/uvm_verdi_message_catcher.svh'.
Parsing included file '/fastone/softwares/synopsys/vcs/S-2021.09-SP2/etc/uvm-1.2/verdi/uvm_verdi_pli_base.svh'.
Back to file '/fastone/softwares/synopsys/vcs/S-2021.09-SP2/etc/uvm-1.2/verdi/uvm_verdi_message_catcher.svh'.
Back to file '/fastone/softwares/synopsys/vcs/S-2021.09-SP2/etc/uvm-1.2/verdi/uvm_custom_install_verdi_recorder.sv'.
Parsing included file '/fastone/softwares/synopsys/vcs/S-2021.09-SP2/etc/uvm-1.2/verdi/uvm_verdi_factory.svh'.
Back to file '/fastone/softwares/synopsys/vcs/S-2021.09-SP2/etc/uvm-1.2/verdi/uvm_custom_install_verdi_recorder.sv'.
Parsing included file '/fastone/softwares/synopsys/vcs/S-2021.09-SP2/etc/uvm-1.2/verdi/./dpi/uvm_verdi_dpi.svh'.
Back to file '/fastone/softwares/synopsys/vcs/S-2021.09-SP2/etc/uvm-1.2/verdi/uvm_custom_install_verdi_recorder.sv'.
Parsing included file '/fastone/softwares/synopsys/vcs/S-2021.09-SP2/etc/uvm-1.2/verdi/uvm_verdi_reg_recording.sv'.
Back to file '/fastone/softwares/synopsys/vcs/S-2021.09-SP2/etc/uvm-1.2/verdi/uvm_custom_install_verdi_recorder.sv'.
Parsing included file '/fastone/softwares/synopsys/verdi/T-2022.06/share/PLI/VCS/include/verdi_trans_recorder_dpi.svh'.
Back to file '/fastone/softwares/synopsys/vcs/S-2021.09-SP2/etc/uvm-1.2/verdi/uvm_custom_install_verdi_recorder.sv'.
Parsing included file '/fastone/softwares/synopsys/vcs/S-2021.09-SP2/etc/uvm-1.2/verdi/uvm_verdi_pli.svh'.
Back to file '/fastone/softwares/synopsys/vcs/S-2021.09-SP2/etc/uvm-1.2/verdi/uvm_custom_install_verdi_recorder.sv'.
Parsing design file '/fastone/softwares/synopsys/vcs/S-2021.09-SP2/etc/uvm-1.2/verdi/uvm_custom_install_verdi_recorder.sv'
Parsing design file '/fastone/users/shibin.lu/dv_bachcore/st/sim_rtl/uvm_tb/memory_backdoor/src/memory_backdoor_pkg.sv'
Parsing included file '/fastone/softwares/synopsys/vcs/S-2021.09-SP2/etc/uvm-1.2/uvm_macros.svh'.
Back to file '/fastone/users/shibin.lu/dv_bachcore/st/sim_rtl/uvm_tb/memory_backdoor/src/memory_backdoor_pkg.sv'.
Parsing design file '/fastone/users/shibin.lu/dv_bachcore/st/sim_rtl/uvm_tb/memory_backdoor/work/random_init/generated/sram_geometry_pkg.sv'
Parsing design file '/fastone/users/shibin.lu/dv_bachcore/st/sim_rtl/uvm_tb/memory_backdoor/third_party/tech_cells_generic/tc_sram.sv'
Parsing design file '/fastone/users/shibin.lu/dv_bachcore/st/sim_rtl/uvm_tb/memory_backdoor/examples/interleaved_sram.sv'
Parsing design file '/fastone/users/shibin.lu/dv_bachcore/st/sim_rtl/uvm_tb/memory_backdoor/src/memory_reference_component_pkg.sv'
Parsing included file '/fastone/softwares/synopsys/vcs/S-2021.09-SP2/etc/uvm-1.2/uvm_macros.svh'.
Back to file '/fastone/users/shibin.lu/dv_bachcore/st/sim_rtl/uvm_tb/memory_backdoor/src/memory_reference_component_pkg.sv'.
Parsing design file '/fastone/users/shibin.lu/dv_bachcore/st/sim_rtl/uvm_tb/memory_backdoor/src/memory_scoreboard_component_pkg.sv'
Parsing included file '/fastone/softwares/synopsys/vcs/S-2021.09-SP2/etc/uvm-1.2/uvm_macros.svh'.
Back to file '/fastone/users/shibin.lu/dv_bachcore/st/sim_rtl/uvm_tb/memory_backdoor/src/memory_scoreboard_component_pkg.sv'.
Parsing design file '/fastone/users/shibin.lu/dv_bachcore/st/sim_rtl/uvm_tb/memory_backdoor/src/memory_backdoor_operation_pkg.sv'
Parsing included file '/fastone/softwares/synopsys/vcs/S-2021.09-SP2/etc/uvm-1.2/uvm_macros.svh'.
Back to file '/fastone/users/shibin.lu/dv_bachcore/st/sim_rtl/uvm_tb/memory_backdoor/src/memory_backdoor_operation_pkg.sv'.
Parsing design file '/fastone/users/shibin.lu/dv_bachcore/st/sim_rtl/uvm_tb/memory_backdoor/examples/dut.sv'
Parsing design file '/fastone/users/shibin.lu/dv_bachcore/st/sim_rtl/uvm_tb/memory_backdoor/testcase/random_init_testcase.sv'
Parsing included file '/fastone/softwares/synopsys/vcs/S-2021.09-SP2/etc/uvm-1.2/uvm_macros.svh'.
Back to file '/fastone/users/shibin.lu/dv_bachcore/st/sim_rtl/uvm_tb/memory_backdoor/testcase/random_init_testcase.sv'.
Parsing design file '/fastone/users/shibin.lu/dv_bachcore/st/sim_rtl/uvm_tb/memory_backdoor/examples/tb_top.sv'
Top Level Modules:
       uvm_custom_install_recording
       uvm_custom_install_verdi_recording
       tc_sram_blackbox
       tb_top
TimeScale is 1 ns / 1 ps
Starting vcs inline pass...

15 modules and 0 UDP read.
recompiling package vcs_paramclassrepository
recompiling package _vcs_DPI_package
recompiling package uvm_pkg
recompiling package _vcs_msglog
recompiling module uvm_custom_install_recording
recompiling module uvm_custom_install_verdi_recording
recompiling package memory_backdoor_pkg
recompiling package sram_geometry_pkg
recompiling module tc_sram
recompiling module tc_sram_blackbox
recompiling package memory_reference_component_pkg
recompiling package memory_scoreboard_component_pkg
recompiling package memory_backdoor_operation_pkg
recompiling package random_init_testcase_pkg
recompiling module tb_top
All of 15 modules done
make[2]: Warning: File `filelist.hsopt.llvm2_0.objs' has modification time 17 s in the future
make[2]: warning:  Clock skew detected.  Your build may be incomplete.
make[2]: Warning: File `filelist.cu' has modification time 17 s in the future
make[3]: Warning: File `filelist.cu' has modification time 17 s in the future
rm -f _cuarc*.so _csrc*.so pre_vcsobj_*.so share_vcsobj_*.so
make[3]: warning:  Clock skew detected.  Your build may be incomplete.
make[3]: Warning: File `filelist.cu' has modification time 17 s in the future
g++ -w  -pipe -DVCSMX -DUVM_DPI_DO_TYPE_CHECK -fPIC -O -I/fastone/softwares/synopsys/vcs/S-2021.09-SP2/include    -c /fastone/softwares/synopsys/vcs/S-2021.09-SP2/etc/uvm-1.2/dpi/uvm_dpi.cc
g++ -w  -pipe -DVCSMX -DUVM_DPI_DO_TYPE_CHECK -fPIC -O -I/fastone/softwares/synopsys/vcs/S-2021.09-SP2/include    -c /fastone/softwares/synopsys/vcs/S-2021.09-SP2/etc/uvm-1.2/verdi/dpi/uvm_verdi_dpi.cpp
make[3]: warning:  Clock skew detected.  Your build may be incomplete.
if [ -x ../simv ]; then chmod a-x ../simv; fi
g++  -o ../simv      -rdynamic  -Wl,-rpath='$ORIGIN'/simv.daidir -Wl,-rpath=./simv.daidir -Wl,-rpath=/fastone/softwares/synopsys/vcs/S-2021.09-SP2/linux64/lib -L/fastone/softwares/synopsys/vcs/S-2021.09-SP2/linux64/lib  -Wl,-rpath-link=./  uvm_dpi.o uvm_verdi_dpi.o   objs/amcQw_d.o   _3940135_archive_1.so  SIM_l.o      rmapats_mop.o rmapats.o rmar.o rmar_nd.o  rmar_llvm_0_1.o rmar_llvm_0_0.o           -lnuma -lvirsim -lerrorinf -lsnpsmalloc -lvfs /fastone/softwares/synopsys/verdi/T-2022.06/share/PLI/VCS/LINUX64/pli.a    -lvcsnew -lsimprofile -luclinative /fastone/softwares/synopsys/vcs/S-2021.09-SP2/linux64/lib/vcs_tls.o   -Wl,-whole-archive  -lvcsucli    -Wl,-no-whole-archive       ./../simv.daidir/vc_hdrs.o  _vcs_pli_stub_.o   /fastone/softwares/synopsys/vcs/S-2021.09-SP2/linux64/lib/vcs_save_restore_new.o /fastone/softwares/synopsys/verdi/T-2022.06/share/PLI/VCS/LINUX64/pli.a -ldl -lm  -lc -lpthread -ldl 
../simv up to date
make[2]: warning:  Clock skew detected.  Your build may be incomplete.
CPU time: 9.212 seconds to compile + .167 seconds to elab + .496 seconds to link
Verdi KDB elaboration done and the database successfully generated: 0 error(s), 0 warning(s)
Chronologic VCS simulator copyright 1991-2021
Contains Synopsys proprietary information.
Compiler version S-2021.09-SP2_Full64; Runtime version S-2021.09-SP2_Full64;  Sep  2 10:10 2026
RESET_ASSERTED
*Verdi* Loading libsscore_vcs202109.so
FSDB Dumper for VCS, Release Verdi_T-2022.06, Linux x86_64/64bit, 05/29/2022
(C) 1996 - 2022 by Synopsys, Inc.
*Verdi* : Create FSDB file 'random_init.fsdb'
*Verdi* : Begin traversing the scope (tb_top), layer (0).
*Verdi* : End of traversing.
*Verdi* : Begin traversing the MDAs, layer (0).
*Verdi* : Enable +mda and +packedmda dumping.
*Verdi* : End of traversing the MDAs.
FSDB_DUMP_ENABLED file=random_init.fsdb
MEMORY_BACKDOOR_TOPOLOGY srams=1 banks_per_sram=4 targets=4 address_interleave=1 mapping=block_interleave interleave_bytes=4 interleave_words=1
MEMORY_BACKDOOR_TARGET index=0 sram=0 bank=0 path=tb_top.dut.gen_sram[0].u_interleaved_sram.gen_bank[0].u_sram.sram rows=512 mapping=block_interleave first_block_word=0 block_words=1 block_stride=4 width=32
MEMORY_BACKDOOR_TARGET index=1 sram=0 bank=1 path=tb_top.dut.gen_sram[0].u_interleaved_sram.gen_bank[1].u_sram.sram rows=512 mapping=block_interleave first_block_word=1 block_words=1 block_stride=4 width=32
MEMORY_BACKDOOR_TARGET index=2 sram=0 bank=2 path=tb_top.dut.gen_sram[0].u_interleaved_sram.gen_bank[2].u_sram.sram rows=512 mapping=block_interleave first_block_word=2 block_words=1 block_stride=4 width=32
MEMORY_BACKDOOR_TARGET index=3 sram=0 bank=3 path=tb_top.dut.gen_sram[0].u_interleaved_sram.gen_bank[3].u_sram.sram rows=512 mapping=block_interleave first_block_word=3 block_words=1 block_stride=4 width=32
MEMORY_BACKDOOR_TESTCASE_SELECTED name=random_init
SRAM_ADDRESS_GEOMETRY sram=0 banks=4 rows_per_bank=512 total_words=2048 bytes=8192 address_interleave=1 interleave_words=1 mapping=block_interleave instance=tb_top.dut.gen_sram[0].u_interleaved_sram
SRAM_WAVE_VIEW sram=0 base_byte_address=0x0 end_byte_address=0x1fff word_bytes=4 data=tb_top.dut.gen_sram[0].u_interleaved_sram.sram_view_data address=tb_top.dut.gen_sram[0].u_interleaved_sram.sram_view_byte_address bank=tb_top.dut.gen_sram[0].u_interleaved_sram.sram_view_bank row=tb_top.dut.gen_sram[0].u_interleaved_sram.sram_view_bank_row
SRAM_ADDRESS_BANK sram=0 bank=0 rows=512 mapping=block_interleave first_block_word=0 block_words=1 block_stride=4 path=tb_top.dut.gen_sram[0].u_interleaved_sram.gen_bank[0].u_sram.sram
SRAM_ADDRESS_BANK sram=0 bank=1 rows=512 mapping=block_interleave first_block_word=1 block_words=1 block_stride=4 path=tb_top.dut.gen_sram[0].u_interleaved_sram.gen_bank[1].u_sram.sram
SRAM_ADDRESS_BANK sram=0 bank=2 rows=512 mapping=block_interleave first_block_word=2 block_words=1 block_stride=4 path=tb_top.dut.gen_sram[0].u_interleaved_sram.gen_bank[2].u_sram.sram
SRAM_ADDRESS_BANK sram=0 bank=3 rows=512 mapping=block_interleave first_block_word=3 block_words=1 block_stride=4 path=tb_top.dut.gen_sram[0].u_interleaved_sram.gen_bank[3].u_sram.sram
RESET_DEASSERTED time=10 ns
MEMORY_BACKDOOR_TESTCASE_ON_RESET_RELEASE name=random_init
MEMORY_BACKDOOR_OPERATION_SELECTED testcase=random_init operation=random_init
MEMORY_BACKDOOR_INIT_ZERO_TIME_PASS sram=0 mode=1 local_start=0 words=2048 banks=4 address_interleave=1 interleave_words=1 time=10 ns
BANK_DATA_RECORD_READY file=/fastone/users/shibin.lu/dv_bachcore/st/sim_rtl/uvm_tb/memory_backdoor/work/random_init/data/random_init_bank0_record.txt sram=0 bank=0 rows=512 compare=0
BANK_DATA_RECORD_READY file=/fastone/users/shibin.lu/dv_bachcore/st/sim_rtl/uvm_tb/memory_backdoor/work/random_init/data/random_init_bank1_record.txt sram=0 bank=1 rows=512 compare=0
BANK_DATA_RECORD_READY file=/fastone/users/shibin.lu/dv_bachcore/st/sim_rtl/uvm_tb/memory_backdoor/work/random_init/data/random_init_bank2_record.txt sram=0 bank=2 rows=512 compare=0
BANK_DATA_RECORD_READY file=/fastone/users/shibin.lu/dv_bachcore/st/sim_rtl/uvm_tb/memory_backdoor/work/random_init/data/random_init_bank3_record.txt sram=0 bank=3 rows=512 compare=0
BANK_DATA_RECORD_SET_READY prefix=/fastone/users/shibin.lu/dv_bachcore/st/sim_rtl/uvm_tb/memory_backdoor/work/random_init/data/random_init sram=0 local_start=0 words=2048 banks=4 compare=0 failures=0
RANDOM_INIT_PASS srams=1 compare=0 file_prefix=/fastone/users/shibin.lu/dv_bachcore/st/sim_rtl/uvm_tb/memory_backdoor/work/random_init/data/random_init record_prefix=/fastone/users/shibin.lu/dv_bachcore/st/sim_rtl/uvm_tb/memory_backdoor/work/random_init/data/random_init base_seed=1788343806
MEMORY_BACKDOOR_EXAMPLE_PASS testcase=random_init time=100 ns
$finish called from file "/fastone/users/shibin.lu/dv_bachcore/st/sim_rtl/uvm_tb/memory_backdoor/examples/tb_top.sv", line 475.
$finish at simulation time               100000
           V C S   S i m u l a t i o n   R e p o r t 
Time: 100000 ps
CPU Time:      0.340 seconds;       Data structure size:   0.7Mb
Wed Sep  2 10:10:43 2026
PASS random_init -> /fastone/users/shibin.lu/dv_bachcore/st/sim_rtl/uvm_tb/memory_backdoor/work/random_init (WAVA=1)
BANK_RECORD_VALID file=/fastone/users/shibin.lu/dv_bachcore/st/sim_rtl/uvm_tb/memory_backdoor/work/random_init/data/random_init_bank0_record.txt sram=0 bank=0 rows=512 allow_skip=1
BANK_RECORD_VALID file=/fastone/users/shibin.lu/dv_bachcore/st/sim_rtl/uvm_tb/memory_backdoor/work/random_init/data/random_init_bank1_record.txt sram=0 bank=1 rows=512 allow_skip=1
BANK_RECORD_VALID file=/fastone/users/shibin.lu/dv_bachcore/st/sim_rtl/uvm_tb/memory_backdoor/work/random_init/data/random_init_bank2_record.txt sram=0 bank=2 rows=512 allow_skip=1
BANK_RECORD_VALID file=/fastone/users/shibin.lu/dv_bachcore/st/sim_rtl/uvm_tb/memory_backdoor/work/random_init/data/random_init_bank3_record.txt sram=0 bank=3 rows=512 allow_skip=1
                         Chronologic VCS (TM)
       Version S-2021.09-SP2_Full64 -- Wed Sep  2 10:10:45 2026

                    Copyright (c) 1991 - 2022 Synopsys, Inc.
   This software and the associated documentation are proprietary to Synopsys,
 Inc. This software may only be used in accordance with the terms and conditions
 of a written license agreement with Synopsys, Inc. All other use, reproduction,
   or distribution of this software is strictly prohibited.  Licensed Products
     communicate with Synopsys servers for the purpose of providing software
    updates, detecting software piracy and verifying that customers are using
    Licensed Products in conformity with the applicable License Key for such
  Licensed Products. Synopsys will use information gathered in connection with
    this process to deliver software updates and pursue software pirates and
                                   infringers.

 Inclusivity & Diversity - Visit SolvNetPlus to read the "Synopsys Statement on
            Inclusivity and Diversity" (Refer to article 000036315 at
                        https://solvnetplus.synopsys.com)

Parsing design file '/fastone/softwares/synopsys/vcs/S-2021.09-SP2/etc/uvm-1.2/uvm_pkg.sv'
Parsing included file '/fastone/softwares/synopsys/vcs/S-2021.09-SP2/etc/uvm-1.2/uvm_macros.svh'.
Parsing included file '/fastone/softwares/synopsys/vcs/S-2021.09-SP2/etc/uvm-1.2/macros/uvm_version_defines.svh'.
Back to file '/fastone/softwares/synopsys/vcs/S-2021.09-SP2/etc/uvm-1.2/uvm_macros.svh'.
Parsing included file '/fastone/softwares/synopsys/vcs/S-2021.09-SP2/etc/uvm-1.2/macros/uvm_global_defines.svh'.
Back to file '/fastone/softwares/synopsys/vcs/S-2021.09-SP2/etc/uvm-1.2/uvm_macros.svh'.
Parsing included file '/fastone/softwares/synopsys/vcs/S-2021.09-SP2/etc/uvm-1.2/macros/snps_macros.svp'.
Back to file '/fastone/softwares/synopsys/vcs/S-2021.09-SP2/etc/uvm-1.2/uvm_macros.svh'.
Parsing included file '/fastone/softwares/synopsys/vcs/S-2021.09-SP2/etc/uvm-1.2/macros/uvm_message_defines.svh'.
Back to file '/fastone/softwares/synopsys/vcs/S-2021.09-SP2/etc/uvm-1.2/uvm_macros.svh'.
Parsing included file '/fastone/softwares/synopsys/vcs/S-2021.09-SP2/etc/uvm-1.2/macros/uvm_phase_defines.svh'.
Back to file '/fastone/softwares/synopsys/vcs/S-2021.09-SP2/etc/uvm-1.2/uvm_macros.svh'.
Parsing included file '/fastone/softwares/synopsys/vcs/S-2021.09-SP2/etc/uvm-1.2/macros/uvm_object_defines.svh'.
Back to file '/fastone/softwares/synopsys/vcs/S-2021.09-SP2/etc/uvm-1.2/uvm_macros.svh'.
Parsing included file '/fastone/softwares/synopsys/vcs/S-2021.09-SP2/etc/uvm-1.2/macros/uvm_printer_defines.svh'.
Back to file '/fastone/softwares/synopsys/vcs/S-2021.09-SP2/etc/uvm-1.2/uvm_macros.svh'.
Parsing included file '/fastone/softwares/synopsys/vcs/S-2021.09-SP2/etc/uvm-1.2/macros/uvm_tlm_defines.svh'.
Parsing included file '/fastone/softwares/synopsys/vcs/S-2021.09-SP2/etc/uvm-1.2/tlm1/uvm_tlm_imps.svh'.
Back to file '/fastone/softwares/synopsys/vcs/S-2021.09-SP2/etc/uvm-1.2/macros/uvm_tlm_defines.svh'.
Back to file '/fastone/softwares/synopsys/vcs/S-2021.09-SP2/etc/uvm-1.2/uvm_macros.svh'.
Parsing included file '/fastone/softwares/synopsys/vcs/S-2021.09-SP2/etc/uvm-1.2/macros/uvm_sequence_defines.svh'.
Back to file '/fastone/softwares/synopsys/vcs/S-2021.09-SP2/etc/uvm-1.2/uvm_macros.svh'.
Parsing included file '/fastone/softwares/synopsys/vcs/S-2021.09-SP2/etc/uvm-1.2/macros/uvm_callback_defines.svh'.
Back to file '/fastone/softwares/synopsys/vcs/S-2021.09-SP2/etc/uvm-1.2/uvm_macros.svh'.
Parsing included file '/fastone/softwares/synopsys/vcs/S-2021.09-SP2/etc/uvm-1.2/macros/uvm_reg_defines.svh'.
Back to file '/fastone/softwares/synopsys/vcs/S-2021.09-SP2/etc/uvm-1.2/uvm_macros.svh'.
Parsing included file '/fastone/softwares/synopsys/vcs/S-2021.09-SP2/etc/uvm-1.2/macros/uvm_deprecated_defines.svh'.
Back to file '/fastone/softwares/synopsys/vcs/S-2021.09-SP2/etc/uvm-1.2/uvm_macros.svh'.
Back to file '/fastone/softwares/synopsys/vcs/S-2021.09-SP2/etc/uvm-1.2/uvm_pkg.sv'.
Parsing included file '/fastone/softwares/synopsys/vcs/S-2021.09-SP2/etc/uvm-1.2/dpi/uvm_dpi.svh'.
Parsing included file '/fastone/softwares/synopsys/vcs/S-2021.09-SP2/etc/uvm-1.2/dpi/uvm_hdl.svh'.
Back to file '/fastone/softwares/synopsys/vcs/S-2021.09-SP2/etc/uvm-1.2/dpi/uvm_dpi.svh'.
Parsing included file '/fastone/softwares/synopsys/vcs/S-2021.09-SP2/etc/uvm-1.2/dpi/uvm_svcmd_dpi.svh'.
Back to file '/fastone/softwares/synopsys/vcs/S-2021.09-SP2/etc/uvm-1.2/dpi/uvm_dpi.svh'.
Parsing included file '/fastone/softwares/synopsys/vcs/S-2021.09-SP2/etc/uvm-1.2/dpi/uvm_regex.svh'.
Back to file '/fastone/softwares/synopsys/vcs/S-2021.09-SP2/etc/uvm-1.2/dpi/uvm_dpi.svh'.
Back to file '/fastone/softwares/synopsys/vcs/S-2021.09-SP2/etc/uvm-1.2/uvm_pkg.sv'.
Parsing included file '/fastone/softwares/synopsys/vcs/S-2021.09-SP2/etc/uvm-1.2/base/uvm_base.svh'.
Parsing included file '/fastone/softwares/synopsys/vcs/S-2021.09-SP2/etc/uvm-1.2/base/uvm_coreservice.svh'.
Back to file '/fastone/softwares/synopsys/vcs/S-2021.09-SP2/etc/uvm-1.2/base/uvm_base.svh'.
Parsing included file '/fastone/softwares/synopsys/vcs/S-2021.09-SP2/etc/uvm-1.2/base/uvm_version.svh'.
Back to file '/fastone/softwares/synopsys/vcs/S-2021.09-SP2/etc/uvm-1.2/base/uvm_base.svh'.
Parsing included file '/fastone/softwares/synopsys/vcs/S-2021.09-SP2/etc/uvm-1.2/base/uvm_object_globals.svh'.
Back to file '/fastone/softwares/synopsys/vcs/S-2021.09-SP2/etc/uvm-1.2/base/uvm_base.svh'.
Parsing included file '/fastone/softwares/synopsys/vcs/S-2021.09-SP2/etc/uvm-1.2/base/uvm_misc.svh'.
Back to file '/fastone/softwares/synopsys/vcs/S-2021.09-SP2/etc/uvm-1.2/base/uvm_base.svh'.
Parsing included file '/fastone/softwares/synopsys/vcs/S-2021.09-SP2/etc/uvm-1.2/base/uvm_object.svh'.
Back to file '/fastone/softwares/synopsys/vcs/S-2021.09-SP2/etc/uvm-1.2/base/uvm_base.svh'.
Parsing included file '/fastone/softwares/synopsys/vcs/S-2021.09-SP2/etc/uvm-1.2/base/uvm_pool.svh'.
Back to file '/fastone/softwares/synopsys/vcs/S-2021.09-SP2/etc/uvm-1.2/base/uvm_base.svh'.
Parsing included file '/fastone/softwares/synopsys/vcs/S-2021.09-SP2/etc/uvm-1.2/base/uvm_queue.svh'.
Back to file '/fastone/softwares/synopsys/vcs/S-2021.09-SP2/etc/uvm-1.2/base/uvm_base.svh'.
Parsing included file '/fastone/softwares/synopsys/vcs/S-2021.09-SP2/etc/uvm-1.2/base/uvm_factory.svh'.
Back to file '/fastone/softwares/synopsys/vcs/S-2021.09-SP2/etc/uvm-1.2/base/uvm_base.svh'.
Parsing included file '/fastone/softwares/synopsys/vcs/S-2021.09-SP2/etc/uvm-1.2/base/uvm_registry.svh'.
Back to file '/fastone/softwares/synopsys/vcs/S-2021.09-SP2/etc/uvm-1.2/base/uvm_base.svh'.
Parsing included file '/fastone/softwares/synopsys/vcs/S-2021.09-SP2/etc/uvm-1.2/base/uvm_spell_chkr.svh'.
Back to file '/fastone/softwares/synopsys/vcs/S-2021.09-SP2/etc/uvm-1.2/base/uvm_base.svh'.
Parsing included file '/fastone/softwares/synopsys/vcs/S-2021.09-SP2/etc/uvm-1.2/base/uvm_resource.svh'.
Back to file '/fastone/softwares/synopsys/vcs/S-2021.09-SP2/etc/uvm-1.2/base/uvm_base.svh'.
Parsing included file '/fastone/softwares/synopsys/vcs/S-2021.09-SP2/etc/uvm-1.2/base/uvm_resource_specializations.svh'.
Back to file '/fastone/softwares/synopsys/vcs/S-2021.09-SP2/etc/uvm-1.2/base/uvm_base.svh'.
Parsing included file '/fastone/softwares/synopsys/vcs/S-2021.09-SP2/etc/uvm-1.2/base/uvm_resource_db.svh'.
Back to file '/fastone/softwares/synopsys/vcs/S-2021.09-SP2/etc/uvm-1.2/base/uvm_base.svh'.
Parsing included file '/fastone/softwares/synopsys/vcs/S-2021.09-SP2/etc/uvm-1.2/base/uvm_config_db.svh'.
Back to file '/fastone/softwares/synopsys/vcs/S-2021.09-SP2/etc/uvm-1.2/base/uvm_base.svh'.
Parsing included file '/fastone/softwares/synopsys/vcs/S-2021.09-SP2/etc/uvm-1.2/base/uvm_printer.svh'.
Back to file '/fastone/softwares/synopsys/vcs/S-2021.09-SP2/etc/uvm-1.2/base/uvm_base.svh'.
Parsing included file '/fastone/softwares/synopsys/vcs/S-2021.09-SP2/etc/uvm-1.2/base/uvm_comparer.svh'.
Back to file '/fastone/softwares/synopsys/vcs/S-2021.09-SP2/etc/uvm-1.2/base/uvm_base.svh'.
Parsing included file '/fastone/softwares/synopsys/vcs/S-2021.09-SP2/etc/uvm-1.2/base/uvm_packer.svh'.
Back to file '/fastone/softwares/synopsys/vcs/S-2021.09-SP2/etc/uvm-1.2/base/uvm_base.svh'.
Parsing included file '/fastone/softwares/synopsys/vcs/S-2021.09-SP2/etc/uvm-1.2/base/uvm_links.svh'.
Back to file '/fastone/softwares/synopsys/vcs/S-2021.09-SP2/etc/uvm-1.2/base/uvm_base.svh'.
Parsing included file '/fastone/softwares/synopsys/vcs/S-2021.09-SP2/etc/uvm-1.2/base/uvm_tr_database.svh'.
Back to file '/fastone/softwares/synopsys/vcs/S-2021.09-SP2/etc/uvm-1.2/base/uvm_base.svh'.
Parsing included file '/fastone/softwares/synopsys/vcs/S-2021.09-SP2/etc/uvm-1.2/base/uvm_tr_stream.svh'.
Back to file '/fastone/softwares/synopsys/vcs/S-2021.09-SP2/etc/uvm-1.2/base/uvm_base.svh'.
Parsing included file '/fastone/softwares/synopsys/vcs/S-2021.09-SP2/etc/uvm-1.2/base/uvm_recorder.svh'.
Back to file '/fastone/softwares/synopsys/vcs/S-2021.09-SP2/etc/uvm-1.2/base/uvm_base.svh'.
Parsing included file '/fastone/softwares/synopsys/vcs/S-2021.09-SP2/etc/uvm-1.2/base/uvm_event_callback.svh'.
Back to file '/fastone/softwares/synopsys/vcs/S-2021.09-SP2/etc/uvm-1.2/base/uvm_base.svh'.
Parsing included file '/fastone/softwares/synopsys/vcs/S-2021.09-SP2/etc/uvm-1.2/base/uvm_event.svh'.
Back to file '/fastone/softwares/synopsys/vcs/S-2021.09-SP2/etc/uvm-1.2/base/uvm_base.svh'.
Parsing included file '/fastone/softwares/synopsys/vcs/S-2021.09-SP2/etc/uvm-1.2/base/uvm_barrier.svh'.
Back to file '/fastone/softwares/synopsys/vcs/S-2021.09-SP2/etc/uvm-1.2/base/uvm_base.svh'.
Parsing included file '/fastone/softwares/synopsys/vcs/S-2021.09-SP2/etc/uvm-1.2/base/uvm_callback.svh'.
Parsing included file '/fastone/softwares/synopsys/vcs/S-2021.09-SP2/etc/uvm-1.2/uvm_macros.svh'.
Back to file '/fastone/softwares/synopsys/vcs/S-2021.09-SP2/etc/uvm-1.2/base/uvm_callback.svh'.
Back to file '/fastone/softwares/synopsys/vcs/S-2021.09-SP2/etc/uvm-1.2/base/uvm_base.svh'.
Parsing included file '/fastone/softwares/synopsys/vcs/S-2021.09-SP2/etc/uvm-1.2/base/uvm_report_message.svh'.
Back to file '/fastone/softwares/synopsys/vcs/S-2021.09-SP2/etc/uvm-1.2/base/uvm_base.svh'.
Parsing included file '/fastone/softwares/synopsys/vcs/S-2021.09-SP2/etc/uvm-1.2/base/uvm_report_catcher.svh'.
Back to file '/fastone/softwares/synopsys/vcs/S-2021.09-SP2/etc/uvm-1.2/base/uvm_base.svh'.
Parsing included file '/fastone/softwares/synopsys/vcs/S-2021.09-SP2/etc/uvm-1.2/base/uvm_report_server.svh'.
Back to file '/fastone/softwares/synopsys/vcs/S-2021.09-SP2/etc/uvm-1.2/base/uvm_base.svh'.
Parsing included file '/fastone/softwares/synopsys/vcs/S-2021.09-SP2/etc/uvm-1.2/base/uvm_report_handler.svh'.
Back to file '/fastone/softwares/synopsys/vcs/S-2021.09-SP2/etc/uvm-1.2/base/uvm_base.svh'.
Parsing included file '/fastone/softwares/synopsys/vcs/S-2021.09-SP2/etc/uvm-1.2/base/uvm_report_object.svh'.
Back to file '/fastone/softwares/synopsys/vcs/S-2021.09-SP2/etc/uvm-1.2/base/uvm_base.svh'.
Parsing included file '/fastone/softwares/synopsys/vcs/S-2021.09-SP2/etc/uvm-1.2/base/uvm_transaction.svh'.
Back to file '/fastone/softwares/synopsys/vcs/S-2021.09-SP2/etc/uvm-1.2/base/uvm_base.svh'.
Parsing included file '/fastone/softwares/synopsys/vcs/S-2021.09-SP2/etc/uvm-1.2/base/uvm_phase.svh'.
Back to file '/fastone/softwares/synopsys/vcs/S-2021.09-SP2/etc/uvm-1.2/base/uvm_base.svh'.
Parsing included file '/fastone/softwares/synopsys/vcs/S-2021.09-SP2/etc/uvm-1.2/base/uvm_domain.svh'.
Back to file '/fastone/softwares/synopsys/vcs/S-2021.09-SP2/etc/uvm-1.2/base/uvm_base.svh'.
Parsing included file '/fastone/softwares/synopsys/vcs/S-2021.09-SP2/etc/uvm-1.2/base/uvm_bottomup_phase.svh'.
Back to file '/fastone/softwares/synopsys/vcs/S-2021.09-SP2/etc/uvm-1.2/base/uvm_base.svh'.
Parsing included file '/fastone/softwares/synopsys/vcs/S-2021.09-SP2/etc/uvm-1.2/base/uvm_topdown_phase.svh'.
Back to file '/fastone/softwares/synopsys/vcs/S-2021.09-SP2/etc/uvm-1.2/base/uvm_base.svh'.
Parsing included file '/fastone/softwares/synopsys/vcs/S-2021.09-SP2/etc/uvm-1.2/base/uvm_task_phase.svh'.
Back to file '/fastone/softwares/synopsys/vcs/S-2021.09-SP2/etc/uvm-1.2/base/uvm_base.svh'.
Parsing included file '/fastone/softwares/synopsys/vcs/S-2021.09-SP2/etc/uvm-1.2/base/uvm_common_phases.svh'.
Back to file '/fastone/softwares/synopsys/vcs/S-2021.09-SP2/etc/uvm-1.2/base/uvm_base.svh'.
Parsing included file '/fastone/softwares/synopsys/vcs/S-2021.09-SP2/etc/uvm-1.2/base/uvm_runtime_phases.svh'.
Back to file '/fastone/softwares/synopsys/vcs/S-2021.09-SP2/etc/uvm-1.2/base/uvm_base.svh'.
Parsing included file '/fastone/softwares/synopsys/vcs/S-2021.09-SP2/etc/uvm-1.2/base/uvm_component.svh'.
Parsing included file '/fastone/softwares/synopsys/vcs/S-2021.09-SP2/etc/uvm-1.2/base/uvm_root.svh'.
Back to file '/fastone/softwares/synopsys/vcs/S-2021.09-SP2/etc/uvm-1.2/base/uvm_component.svh'.
Back to file '/fastone/softwares/synopsys/vcs/S-2021.09-SP2/etc/uvm-1.2/base/uvm_base.svh'.
Parsing included file '/fastone/softwares/synopsys/vcs/S-2021.09-SP2/etc/uvm-1.2/base/uvm_objection.svh'.
Back to file '/fastone/softwares/synopsys/vcs/S-2021.09-SP2/etc/uvm-1.2/base/uvm_base.svh'.
Parsing included file '/fastone/softwares/synopsys/vcs/S-2021.09-SP2/etc/uvm-1.2/base/uvm_heartbeat.svh'.
Back to file '/fastone/softwares/synopsys/vcs/S-2021.09-SP2/etc/uvm-1.2/base/uvm_base.svh'.
Parsing included file '/fastone/softwares/synopsys/vcs/S-2021.09-SP2/etc/uvm-1.2/base/uvm_globals.svh'.
Back to file '/fastone/softwares/synopsys/vcs/S-2021.09-SP2/etc/uvm-1.2/base/uvm_base.svh'.
Parsing included file '/fastone/softwares/synopsys/vcs/S-2021.09-SP2/etc/uvm-1.2/base/uvm_cmdline_processor.svh'.
Back to file '/fastone/softwares/synopsys/vcs/S-2021.09-SP2/etc/uvm-1.2/base/uvm_base.svh'.
Parsing included file '/fastone/softwares/synopsys/vcs/S-2021.09-SP2/etc/uvm-1.2/base/uvm_traversal.svh'.
Back to file '/fastone/softwares/synopsys/vcs/S-2021.09-SP2/etc/uvm-1.2/base/uvm_base.svh'.
Back to file '/fastone/softwares/synopsys/vcs/S-2021.09-SP2/etc/uvm-1.2/uvm_pkg.sv'.
Parsing included file '/fastone/softwares/synopsys/vcs/S-2021.09-SP2/etc/uvm-1.2/dap/uvm_dap.svh'.
Parsing included file '/fastone/softwares/synopsys/vcs/S-2021.09-SP2/etc/uvm-1.2/dap/uvm_set_get_dap_base.svh'.
Back to file '/fastone/softwares/synopsys/vcs/S-2021.09-SP2/etc/uvm-1.2/dap/uvm_dap.svh'.
Parsing included file '/fastone/softwares/synopsys/vcs/S-2021.09-SP2/etc/uvm-1.2/dap/uvm_simple_lock_dap.svh'.
Back to file '/fastone/softwares/synopsys/vcs/S-2021.09-SP2/etc/uvm-1.2/dap/uvm_dap.svh'.
Parsing included file '/fastone/softwares/synopsys/vcs/S-2021.09-SP2/etc/uvm-1.2/dap/uvm_get_to_lock_dap.svh'.
Back to file '/fastone/softwares/synopsys/vcs/S-2021.09-SP2/etc/uvm-1.2/dap/uvm_dap.svh'.
Parsing included file '/fastone/softwares/synopsys/vcs/S-2021.09-SP2/etc/uvm-1.2/dap/uvm_set_before_get_dap.svh'.
Back to file '/fastone/softwares/synopsys/vcs/S-2021.09-SP2/etc/uvm-1.2/dap/uvm_dap.svh'.
Back to file '/fastone/softwares/synopsys/vcs/S-2021.09-SP2/etc/uvm-1.2/uvm_pkg.sv'.
Parsing included file '/fastone/softwares/synopsys/vcs/S-2021.09-SP2/etc/uvm-1.2/tlm1/uvm_tlm.svh'.
Parsing included file '/fastone/softwares/synopsys/vcs/S-2021.09-SP2/etc/uvm-1.2/tlm1/uvm_tlm_ifs.svh'.
Back to file '/fastone/softwares/synopsys/vcs/S-2021.09-SP2/etc/uvm-1.2/tlm1/uvm_tlm.svh'.
Parsing included file '/fastone/softwares/synopsys/vcs/S-2021.09-SP2/etc/uvm-1.2/tlm1/uvm_sqr_ifs.svh'.
Back to file '/fastone/softwares/synopsys/vcs/S-2021.09-SP2/etc/uvm-1.2/tlm1/uvm_tlm.svh'.
Parsing included file '/fastone/softwares/synopsys/vcs/S-2021.09-SP2/etc/uvm-1.2/base/uvm_port_base.svh'.
Back to file '/fastone/softwares/synopsys/vcs/S-2021.09-SP2/etc/uvm-1.2/tlm1/uvm_tlm.svh'.
Parsing included file '/fastone/softwares/synopsys/vcs/S-2021.09-SP2/etc/uvm-1.2/tlm1/uvm_tlm_imps.svh'.
Back to file '/fastone/softwares/synopsys/vcs/S-2021.09-SP2/etc/uvm-1.2/tlm1/uvm_tlm.svh'.
Parsing included file '/fastone/softwares/synopsys/vcs/S-2021.09-SP2/etc/uvm-1.2/tlm1/uvm_imps.svh'.
Back to file '/fastone/softwares/synopsys/vcs/S-2021.09-SP2/etc/uvm-1.2/tlm1/uvm_tlm.svh'.
Parsing included file '/fastone/softwares/synopsys/vcs/S-2021.09-SP2/etc/uvm-1.2/tlm1/uvm_ports.svh'.
Back to file '/fastone/softwares/synopsys/vcs/S-2021.09-SP2/etc/uvm-1.2/tlm1/uvm_tlm.svh'.
Parsing included file '/fastone/softwares/synopsys/vcs/S-2021.09-SP2/etc/uvm-1.2/tlm1/uvm_exports.svh'.
Back to file '/fastone/softwares/synopsys/vcs/S-2021.09-SP2/etc/uvm-1.2/tlm1/uvm_tlm.svh'.
Parsing included file '/fastone/softwares/synopsys/vcs/S-2021.09-SP2/etc/uvm-1.2/tlm1/uvm_analysis_port.svh'.
Back to file '/fastone/softwares/synopsys/vcs/S-2021.09-SP2/etc/uvm-1.2/tlm1/uvm_tlm.svh'.
Parsing included file '/fastone/softwares/synopsys/vcs/S-2021.09-SP2/etc/uvm-1.2/tlm1/uvm_tlm_fifo_base.svh'.
Back to file '/fastone/softwares/synopsys/vcs/S-2021.09-SP2/etc/uvm-1.2/tlm1/uvm_tlm.svh'.
Parsing included file '/fastone/softwares/synopsys/vcs/S-2021.09-SP2/etc/uvm-1.2/tlm1/uvm_tlm_fifos.svh'.
Back to file '/fastone/softwares/synopsys/vcs/S-2021.09-SP2/etc/uvm-1.2/tlm1/uvm_tlm.svh'.
Parsing included file '/fastone/softwares/synopsys/vcs/S-2021.09-SP2/etc/uvm-1.2/tlm1/uvm_tlm_req_rsp.svh'.
Back to file '/fastone/softwares/synopsys/vcs/S-2021.09-SP2/etc/uvm-1.2/tlm1/uvm_tlm.svh'.
Parsing included file '/fastone/softwares/synopsys/vcs/S-2021.09-SP2/etc/uvm-1.2/tlm1/uvm_sqr_connections.svh'.
Back to file '/fastone/softwares/synopsys/vcs/S-2021.09-SP2/etc/uvm-1.2/tlm1/uvm_tlm.svh'.
Back to file '/fastone/softwares/synopsys/vcs/S-2021.09-SP2/etc/uvm-1.2/uvm_pkg.sv'.
Parsing included file '/fastone/softwares/synopsys/vcs/S-2021.09-SP2/etc/uvm-1.2/comps/uvm_comps.svh'.
Parsing included file '/fastone/softwares/synopsys/vcs/S-2021.09-SP2/etc/uvm-1.2/comps/uvm_pair.svh'.
Back to file '/fastone/softwares/synopsys/vcs/S-2021.09-SP2/etc/uvm-1.2/comps/uvm_comps.svh'.
Parsing included file '/fastone/softwares/synopsys/vcs/S-2021.09-SP2/etc/uvm-1.2/comps/uvm_policies.svh'.
Back to file '/fastone/softwares/synopsys/vcs/S-2021.09-SP2/etc/uvm-1.2/comps/uvm_comps.svh'.
Parsing included file '/fastone/softwares/synopsys/vcs/S-2021.09-SP2/etc/uvm-1.2/comps/uvm_in_order_comparator.svh'.
Back to file '/fastone/softwares/synopsys/vcs/S-2021.09-SP2/etc/uvm-1.2/comps/uvm_comps.svh'.
Parsing included file '/fastone/softwares/synopsys/vcs/S-2021.09-SP2/etc/uvm-1.2/comps/uvm_algorithmic_comparator.svh'.
Back to file '/fastone/softwares/synopsys/vcs/S-2021.09-SP2/etc/uvm-1.2/comps/uvm_comps.svh'.
Parsing included file '/fastone/softwares/synopsys/vcs/S-2021.09-SP2/etc/uvm-1.2/comps/uvm_random_stimulus.svh'.
Back to file '/fastone/softwares/synopsys/vcs/S-2021.09-SP2/etc/uvm-1.2/comps/uvm_comps.svh'.
Parsing included file '/fastone/softwares/synopsys/vcs/S-2021.09-SP2/etc/uvm-1.2/comps/uvm_subscriber.svh'.
Back to file '/fastone/softwares/synopsys/vcs/S-2021.09-SP2/etc/uvm-1.2/comps/uvm_comps.svh'.
Parsing included file '/fastone/softwares/synopsys/vcs/S-2021.09-SP2/etc/uvm-1.2/comps/uvm_monitor.svh'.
Back to file '/fastone/softwares/synopsys/vcs/S-2021.09-SP2/etc/uvm-1.2/comps/uvm_comps.svh'.
Parsing included file '/fastone/softwares/synopsys/vcs/S-2021.09-SP2/etc/uvm-1.2/comps/uvm_driver.svh'.
Back to file '/fastone/softwares/synopsys/vcs/S-2021.09-SP2/etc/uvm-1.2/comps/uvm_comps.svh'.
Parsing included file '/fastone/softwares/synopsys/vcs/S-2021.09-SP2/etc/uvm-1.2/comps/uvm_push_driver.svh'.
Back to file '/fastone/softwares/synopsys/vcs/S-2021.09-SP2/etc/uvm-1.2/comps/uvm_comps.svh'.
Parsing included file '/fastone/softwares/synopsys/vcs/S-2021.09-SP2/etc/uvm-1.2/comps/uvm_scoreboard.svh'.
Back to file '/fastone/softwares/synopsys/vcs/S-2021.09-SP2/etc/uvm-1.2/comps/uvm_comps.svh'.
Parsing included file '/fastone/softwares/synopsys/vcs/S-2021.09-SP2/etc/uvm-1.2/comps/uvm_agent.svh'.
Back to file '/fastone/softwares/synopsys/vcs/S-2021.09-SP2/etc/uvm-1.2/comps/uvm_comps.svh'.
Parsing included file '/fastone/softwares/synopsys/vcs/S-2021.09-SP2/etc/uvm-1.2/comps/uvm_env.svh'.
Back to file '/fastone/softwares/synopsys/vcs/S-2021.09-SP2/etc/uvm-1.2/comps/uvm_comps.svh'.
Parsing included file '/fastone/softwares/synopsys/vcs/S-2021.09-SP2/etc/uvm-1.2/comps/uvm_test.svh'.
Back to file '/fastone/softwares/synopsys/vcs/S-2021.09-SP2/etc/uvm-1.2/comps/uvm_comps.svh'.
Back to file '/fastone/softwares/synopsys/vcs/S-2021.09-SP2/etc/uvm-1.2/uvm_pkg.sv'.
Parsing included file '/fastone/softwares/synopsys/vcs/S-2021.09-SP2/etc/uvm-1.2/seq/uvm_seq.svh'.
Parsing included file '/fastone/softwares/synopsys/vcs/S-2021.09-SP2/etc/uvm-1.2/seq/uvm_sequence_item.svh'.
Back to file '/fastone/softwares/synopsys/vcs/S-2021.09-SP2/etc/uvm-1.2/seq/uvm_seq.svh'.
Parsing included file '/fastone/softwares/synopsys/vcs/S-2021.09-SP2/etc/uvm-1.2/seq/uvm_sequencer_base.svh'.
Back to file '/fastone/softwares/synopsys/vcs/S-2021.09-SP2/etc/uvm-1.2/seq/uvm_seq.svh'.
Parsing included file '/fastone/softwares/synopsys/vcs/S-2021.09-SP2/etc/uvm-1.2/seq/uvm_sequencer_analysis_fifo.svh'.
Back to file '/fastone/softwares/synopsys/vcs/S-2021.09-SP2/etc/uvm-1.2/seq/uvm_seq.svh'.
Parsing included file '/fastone/softwares/synopsys/vcs/S-2021.09-SP2/etc/uvm-1.2/seq/uvm_sequencer_param_base.svh'.
Back to file '/fastone/softwares/synopsys/vcs/S-2021.09-SP2/etc/uvm-1.2/seq/uvm_seq.svh'.
Parsing included file '/fastone/softwares/synopsys/vcs/S-2021.09-SP2/etc/uvm-1.2/seq/uvm_sequencer.svh'.
Back to file '/fastone/softwares/synopsys/vcs/S-2021.09-SP2/etc/uvm-1.2/seq/uvm_seq.svh'.
Parsing included file '/fastone/softwares/synopsys/vcs/S-2021.09-SP2/etc/uvm-1.2/seq/uvm_push_sequencer.svh'.
Back to file '/fastone/softwares/synopsys/vcs/S-2021.09-SP2/etc/uvm-1.2/seq/uvm_seq.svh'.
Parsing included file '/fastone/softwares/synopsys/vcs/S-2021.09-SP2/etc/uvm-1.2/seq/uvm_sequence_base.svh'.
Back to file '/fastone/softwares/synopsys/vcs/S-2021.09-SP2/etc/uvm-1.2/seq/uvm_seq.svh'.
Parsing included file '/fastone/softwares/synopsys/vcs/S-2021.09-SP2/etc/uvm-1.2/seq/uvm_sequence.svh'.
Back to file '/fastone/softwares/synopsys/vcs/S-2021.09-SP2/etc/uvm-1.2/seq/uvm_seq.svh'.
Parsing included file '/fastone/softwares/synopsys/vcs/S-2021.09-SP2/etc/uvm-1.2/seq/uvm_sequence_library.svh'.
Back to file '/fastone/softwares/synopsys/vcs/S-2021.09-SP2/etc/uvm-1.2/seq/uvm_seq.svh'.
Parsing included file '/fastone/softwares/synopsys/vcs/S-2021.09-SP2/etc/uvm-1.2/seq/uvm_sequence_builtin.svh'.
Back to file '/fastone/softwares/synopsys/vcs/S-2021.09-SP2/etc/uvm-1.2/seq/uvm_seq.svh'.
Back to file '/fastone/softwares/synopsys/vcs/S-2021.09-SP2/etc/uvm-1.2/uvm_pkg.sv'.
Parsing included file '/fastone/softwares/synopsys/vcs/S-2021.09-SP2/etc/uvm-1.2/tlm2/uvm_tlm2.svh'.
Parsing included file '/fastone/softwares/synopsys/vcs/S-2021.09-SP2/etc/uvm-1.2/tlm2/uvm_tlm2_defines.svh'.
Back to file '/fastone/softwares/synopsys/vcs/S-2021.09-SP2/etc/uvm-1.2/tlm2/uvm_tlm2.svh'.
Parsing included file '/fastone/softwares/synopsys/vcs/S-2021.09-SP2/etc/uvm-1.2/tlm2/uvm_tlm2_time.svh'.
Back to file '/fastone/softwares/synopsys/vcs/S-2021.09-SP2/etc/uvm-1.2/tlm2/uvm_tlm2.svh'.
Parsing included file '/fastone/softwares/synopsys/vcs/S-2021.09-SP2/etc/uvm-1.2/tlm2/uvm_tlm2_generic_payload.svh'.
Back to file '/fastone/softwares/synopsys/vcs/S-2021.09-SP2/etc/uvm-1.2/tlm2/uvm_tlm2.svh'.
Parsing included file '/fastone/softwares/synopsys/vcs/S-2021.09-SP2/etc/uvm-1.2/tlm2/uvm_tlm2_ifs.svh'.
Back to file '/fastone/softwares/synopsys/vcs/S-2021.09-SP2/etc/uvm-1.2/tlm2/uvm_tlm2.svh'.
Parsing included file '/fastone/softwares/synopsys/vcs/S-2021.09-SP2/etc/uvm-1.2/tlm2/uvm_tlm2_imps.svh'.
Back to file '/fastone/softwares/synopsys/vcs/S-2021.09-SP2/etc/uvm-1.2/tlm2/uvm_tlm2.svh'.
Parsing included file '/fastone/softwares/synopsys/vcs/S-2021.09-SP2/etc/uvm-1.2/tlm2/uvm_tlm2_ports.svh'.
Back to file '/fastone/softwares/synopsys/vcs/S-2021.09-SP2/etc/uvm-1.2/tlm2/uvm_tlm2.svh'.
Parsing included file '/fastone/softwares/synopsys/vcs/S-2021.09-SP2/etc/uvm-1.2/tlm2/uvm_tlm2_exports.svh'.
Back to file '/fastone/softwares/synopsys/vcs/S-2021.09-SP2/etc/uvm-1.2/tlm2/uvm_tlm2.svh'.
Parsing included file '/fastone/softwares/synopsys/vcs/S-2021.09-SP2/etc/uvm-1.2/tlm2/uvm_tlm2_sockets_base.svh'.
Back to file '/fastone/softwares/synopsys/vcs/S-2021.09-SP2/etc/uvm-1.2/tlm2/uvm_tlm2.svh'.
Parsing included file '/fastone/softwares/synopsys/vcs/S-2021.09-SP2/etc/uvm-1.2/tlm2/uvm_tlm2_sockets.svh'.
Back to file '/fastone/softwares/synopsys/vcs/S-2021.09-SP2/etc/uvm-1.2/tlm2/uvm_tlm2.svh'.
Back to file '/fastone/softwares/synopsys/vcs/S-2021.09-SP2/etc/uvm-1.2/uvm_pkg.sv'.
Parsing included file '/fastone/softwares/synopsys/vcs/S-2021.09-SP2/etc/uvm-1.2/reg/uvm_reg_model.svh'.
Parsing included file '/fastone/softwares/synopsys/vcs/S-2021.09-SP2/etc/uvm-1.2/reg/uvm_reg_item.svh'.
Back to file '/fastone/softwares/synopsys/vcs/S-2021.09-SP2/etc/uvm-1.2/reg/uvm_reg_model.svh'.
Parsing included file '/fastone/softwares/synopsys/vcs/S-2021.09-SP2/etc/uvm-1.2/reg/uvm_reg_adapter.svh'.
Back to file '/fastone/softwares/synopsys/vcs/S-2021.09-SP2/etc/uvm-1.2/reg/uvm_reg_model.svh'.
Parsing included file '/fastone/softwares/synopsys/vcs/S-2021.09-SP2/etc/uvm-1.2/reg/uvm_reg_predictor.svh'.
Back to file '/fastone/softwares/synopsys/vcs/S-2021.09-SP2/etc/uvm-1.2/reg/uvm_reg_model.svh'.
Parsing included file '/fastone/softwares/synopsys/vcs/S-2021.09-SP2/etc/uvm-1.2/reg/uvm_reg_sequence.svh'.
Back to file '/fastone/softwares/synopsys/vcs/S-2021.09-SP2/etc/uvm-1.2/reg/uvm_reg_model.svh'.
Parsing included file '/fastone/softwares/synopsys/vcs/S-2021.09-SP2/etc/uvm-1.2/reg/uvm_reg_cbs.svh'.
Back to file '/fastone/softwares/synopsys/vcs/S-2021.09-SP2/etc/uvm-1.2/reg/uvm_reg_model.svh'.
Parsing included file '/fastone/softwares/synopsys/vcs/S-2021.09-SP2/etc/uvm-1.2/reg/uvm_reg_backdoor.svh'.
Back to file '/fastone/softwares/synopsys/vcs/S-2021.09-SP2/etc/uvm-1.2/reg/uvm_reg_model.svh'.
Parsing included file '/fastone/softwares/synopsys/vcs/S-2021.09-SP2/etc/uvm-1.2/reg/uvm_reg_field.svh'.
Back to file '/fastone/softwares/synopsys/vcs/S-2021.09-SP2/etc/uvm-1.2/reg/uvm_reg_model.svh'.
Parsing included file '/fastone/softwares/synopsys/vcs/S-2021.09-SP2/etc/uvm-1.2/reg/uvm_vreg_field.svh'.
Back to file '/fastone/softwares/synopsys/vcs/S-2021.09-SP2/etc/uvm-1.2/reg/uvm_reg_model.svh'.
Parsing included file '/fastone/softwares/synopsys/vcs/S-2021.09-SP2/etc/uvm-1.2/reg/uvm_reg.svh'.
Back to file '/fastone/softwares/synopsys/vcs/S-2021.09-SP2/etc/uvm-1.2/reg/uvm_reg_model.svh'.
Parsing included file '/fastone/softwares/synopsys/vcs/S-2021.09-SP2/etc/uvm-1.2/reg/uvm_reg_indirect.svh'.
Back to file '/fastone/softwares/synopsys/vcs/S-2021.09-SP2/etc/uvm-1.2/reg/uvm_reg_model.svh'.
Parsing included file '/fastone/softwares/synopsys/vcs/S-2021.09-SP2/etc/uvm-1.2/reg/uvm_reg_fifo.svh'.
Back to file '/fastone/softwares/synopsys/vcs/S-2021.09-SP2/etc/uvm-1.2/reg/uvm_reg_model.svh'.
Parsing included file '/fastone/softwares/synopsys/vcs/S-2021.09-SP2/etc/uvm-1.2/reg/uvm_reg_file.svh'.
Back to file '/fastone/softwares/synopsys/vcs/S-2021.09-SP2/etc/uvm-1.2/reg/uvm_reg_model.svh'.
Parsing included file '/fastone/softwares/synopsys/vcs/S-2021.09-SP2/etc/uvm-1.2/reg/uvm_mem_mam.svh'.
Back to file '/fastone/softwares/synopsys/vcs/S-2021.09-SP2/etc/uvm-1.2/reg/uvm_reg_model.svh'.
Parsing included file '/fastone/softwares/synopsys/vcs/S-2021.09-SP2/etc/uvm-1.2/reg/uvm_vreg.svh'.
Back to file '/fastone/softwares/synopsys/vcs/S-2021.09-SP2/etc/uvm-1.2/reg/uvm_reg_model.svh'.
Parsing included file '/fastone/softwares/synopsys/vcs/S-2021.09-SP2/etc/uvm-1.2/reg/uvm_mem.svh'.
Back to file '/fastone/softwares/synopsys/vcs/S-2021.09-SP2/etc/uvm-1.2/reg/uvm_reg_model.svh'.
Parsing included file '/fastone/softwares/synopsys/vcs/S-2021.09-SP2/etc/uvm-1.2/reg/uvm_reg_map.svh'.
Back to file '/fastone/softwares/synopsys/vcs/S-2021.09-SP2/etc/uvm-1.2/reg/uvm_reg_model.svh'.
Parsing included file '/fastone/softwares/synopsys/vcs/S-2021.09-SP2/etc/uvm-1.2/reg/uvm_reg_block.svh'.
Back to file '/fastone/softwares/synopsys/vcs/S-2021.09-SP2/etc/uvm-1.2/reg/uvm_reg_model.svh'.
Parsing included file '/fastone/softwares/synopsys/vcs/S-2021.09-SP2/etc/uvm-1.2/reg/sequences/uvm_reg_hw_reset_seq.svh'.
Back to file '/fastone/softwares/synopsys/vcs/S-2021.09-SP2/etc/uvm-1.2/reg/uvm_reg_model.svh'.
Parsing included file '/fastone/softwares/synopsys/vcs/S-2021.09-SP2/etc/uvm-1.2/reg/sequences/uvm_reg_bit_bash_seq.svh'.
Back to file '/fastone/softwares/synopsys/vcs/S-2021.09-SP2/etc/uvm-1.2/reg/uvm_reg_model.svh'.
Parsing included file '/fastone/softwares/synopsys/vcs/S-2021.09-SP2/etc/uvm-1.2/reg/sequences/uvm_mem_walk_seq.svh'.
Back to file '/fastone/softwares/synopsys/vcs/S-2021.09-SP2/etc/uvm-1.2/reg/uvm_reg_model.svh'.
Parsing included file '/fastone/softwares/synopsys/vcs/S-2021.09-SP2/etc/uvm-1.2/reg/sequences/uvm_mem_access_seq.svh'.
Back to file '/fastone/softwares/synopsys/vcs/S-2021.09-SP2/etc/uvm-1.2/reg/uvm_reg_model.svh'.
Parsing included file '/fastone/softwares/synopsys/vcs/S-2021.09-SP2/etc/uvm-1.2/reg/sequences/uvm_reg_access_seq.svh'.
Back to file '/fastone/softwares/synopsys/vcs/S-2021.09-SP2/etc/uvm-1.2/reg/uvm_reg_model.svh'.
Parsing included file '/fastone/softwares/synopsys/vcs/S-2021.09-SP2/etc/uvm-1.2/reg/sequences/uvm_reg_mem_shared_access_seq.svh'.
Back to file '/fastone/softwares/synopsys/vcs/S-2021.09-SP2/etc/uvm-1.2/reg/uvm_reg_model.svh'.
Parsing included file '/fastone/softwares/synopsys/vcs/S-2021.09-SP2/etc/uvm-1.2/reg/sequences/uvm_reg_mem_built_in_seq.svh'.
Back to file '/fastone/softwares/synopsys/vcs/S-2021.09-SP2/etc/uvm-1.2/reg/uvm_reg_model.svh'.
Parsing included file '/fastone/softwares/synopsys/vcs/S-2021.09-SP2/etc/uvm-1.2/reg/sequences/uvm_reg_mem_hdl_paths_seq.svh'.
Back to file '/fastone/softwares/synopsys/vcs/S-2021.09-SP2/etc/uvm-1.2/reg/uvm_reg_model.svh'.
Parsing included file '/fastone/softwares/synopsys/vcs/S-2021.09-SP2/etc/uvm-1.2/reg/snps_uvm_reg_bank.svh'.
Back to file '/fastone/softwares/synopsys/vcs/S-2021.09-SP2/etc/uvm-1.2/reg/uvm_reg_model.svh'.
Back to file '/fastone/softwares/synopsys/vcs/S-2021.09-SP2/etc/uvm-1.2/uvm_pkg.sv'.
Parsing included file '/fastone/softwares/synopsys/vcs/S-2021.09-SP2/etc/uvm-1.2/vcs/vcs_uvm_alt.sv'.
Back to file '/fastone/softwares/synopsys/vcs/S-2021.09-SP2/etc/uvm-1.2/uvm_pkg.sv'.
Parsing design file '/fastone/softwares/synopsys/vcs/S-2021.09-SP2/etc/uvm-1.2/vcs/uvm_custom_install_vcs_recorder.sv'
Parsing included file '/fastone/softwares/synopsys/vcs/S-2021.09-SP2/etc/uvm-1.2/vcs/msglog.svh'.
Back to file '/fastone/softwares/synopsys/vcs/S-2021.09-SP2/etc/uvm-1.2/vcs/uvm_custom_install_vcs_recorder.sv'.
Parsing included file '/fastone/softwares/synopsys/vcs/S-2021.09-SP2/etc/uvm-1.2/vcs/uvm_msglog_report_server.sv'.
Back to file '/fastone/softwares/synopsys/vcs/S-2021.09-SP2/etc/uvm-1.2/vcs/uvm_custom_install_vcs_recorder.sv'.
Parsing included file '/fastone/softwares/synopsys/vcs/S-2021.09-SP2/etc/uvm-1.2/vcs/uvm_vcs_recorder.svh'.
Parsing included file '/fastone/softwares/synopsys/vcs/S-2021.09-SP2/etc/uvm-1.2/vcs/uvm_vcs_tr_database.svh'.
Parsing included file '/fastone/softwares/synopsys/vcs/S-2021.09-SP2/etc/uvm-1.2/vcs/uvm_vcs_tr_stream.svh'.
Back to file '/fastone/softwares/synopsys/vcs/S-2021.09-SP2/etc/uvm-1.2/vcs/uvm_vcs_tr_database.svh'.
Back to file '/fastone/softwares/synopsys/vcs/S-2021.09-SP2/etc/uvm-1.2/vcs/uvm_vcs_recorder.svh'.
Back to file '/fastone/softwares/synopsys/vcs/S-2021.09-SP2/etc/uvm-1.2/vcs/uvm_custom_install_vcs_recorder.sv'.
Parsing included file '/fastone/softwares/synopsys/vcs/S-2021.09-SP2/etc/uvm-1.2/vcs/uvm_vcs_record_interface.sv'.
Back to file '/fastone/softwares/synopsys/vcs/S-2021.09-SP2/etc/uvm-1.2/vcs/uvm_custom_install_vcs_recorder.sv'.
Parsing design file '/fastone/softwares/synopsys/vcs/S-2021.09-SP2/etc/uvm-1.2/verdi/uvm_custom_install_verdi_recorder.sv'
Parsing included file '/fastone/softwares/synopsys/vcs/S-2021.09-SP2/etc/uvm-1.2/uvm_macros.svh'.
Back to file '/fastone/softwares/synopsys/vcs/S-2021.09-SP2/etc/uvm-1.2/verdi/uvm_custom_install_verdi_recorder.sv'.
Parsing included file '/fastone/softwares/synopsys/vcs/S-2021.09-SP2/etc/uvm-1.2/verdi/uvm_verdi_recorder.svh'.
Parsing included file '/fastone/softwares/synopsys/vcs/S-2021.09-SP2/etc/uvm-1.2/verdi/uvm_verdi_pli_base.svh'.
Back to file '/fastone/softwares/synopsys/vcs/S-2021.09-SP2/etc/uvm-1.2/verdi/uvm_verdi_recorder.svh'.
Parsing included file '/fastone/softwares/synopsys/vcs/S-2021.09-SP2/etc/uvm-1.2/verdi/uvm_verdi_tr_database.svh'.
Parsing included file '/fastone/softwares/synopsys/vcs/S-2021.09-SP2/etc/uvm-1.2/verdi/uvm_verdi_tr_stream.svh'.
Back to file '/fastone/softwares/synopsys/vcs/S-2021.09-SP2/etc/uvm-1.2/verdi/uvm_verdi_tr_database.svh'.
Back to file '/fastone/softwares/synopsys/vcs/S-2021.09-SP2/etc/uvm-1.2/verdi/uvm_verdi_recorder.svh'.
Back to file '/fastone/softwares/synopsys/vcs/S-2021.09-SP2/etc/uvm-1.2/verdi/uvm_custom_install_verdi_recorder.sv'.
Parsing included file '/fastone/softwares/synopsys/vcs/S-2021.09-SP2/etc/uvm-1.2/verdi/uvm_verdi_reg_map_recording.sv'.
Back to file '/fastone/softwares/synopsys/vcs/S-2021.09-SP2/etc/uvm-1.2/verdi/uvm_custom_install_verdi_recorder.sv'.
Parsing included file '/fastone/softwares/synopsys/vcs/S-2021.09-SP2/etc/uvm-1.2/verdi/uvm_verdi_message_catcher.svh'.
Parsing included file '/fastone/softwares/synopsys/vcs/S-2021.09-SP2/etc/uvm-1.2/verdi/uvm_verdi_pli_base.svh'.
Back to file '/fastone/softwares/synopsys/vcs/S-2021.09-SP2/etc/uvm-1.2/verdi/uvm_verdi_message_catcher.svh'.
Back to file '/fastone/softwares/synopsys/vcs/S-2021.09-SP2/etc/uvm-1.2/verdi/uvm_custom_install_verdi_recorder.sv'.
Parsing included file '/fastone/softwares/synopsys/vcs/S-2021.09-SP2/etc/uvm-1.2/verdi/uvm_verdi_factory.svh'.
Back to file '/fastone/softwares/synopsys/vcs/S-2021.09-SP2/etc/uvm-1.2/verdi/uvm_custom_install_verdi_recorder.sv'.
Parsing included file '/fastone/softwares/synopsys/vcs/S-2021.09-SP2/etc/uvm-1.2/verdi/./dpi/uvm_verdi_dpi.svh'.
Back to file '/fastone/softwares/synopsys/vcs/S-2021.09-SP2/etc/uvm-1.2/verdi/uvm_custom_install_verdi_recorder.sv'.
Parsing included file '/fastone/softwares/synopsys/vcs/S-2021.09-SP2/etc/uvm-1.2/verdi/uvm_verdi_reg_recording.sv'.
Back to file '/fastone/softwares/synopsys/vcs/S-2021.09-SP2/etc/uvm-1.2/verdi/uvm_custom_install_verdi_recorder.sv'.
Parsing included file '/fastone/softwares/synopsys/verdi/T-2022.06/share/PLI/VCS/include/verdi_trans_recorder_dpi.svh'.
Back to file '/fastone/softwares/synopsys/vcs/S-2021.09-SP2/etc/uvm-1.2/verdi/uvm_custom_install_verdi_recorder.sv'.
Parsing included file '/fastone/softwares/synopsys/vcs/S-2021.09-SP2/etc/uvm-1.2/verdi/uvm_verdi_pli.svh'.
Back to file '/fastone/softwares/synopsys/vcs/S-2021.09-SP2/etc/uvm-1.2/verdi/uvm_custom_install_verdi_recorder.sv'.
Parsing design file '/fastone/softwares/synopsys/vcs/S-2021.09-SP2/etc/uvm-1.2/verdi/uvm_custom_install_verdi_recorder.sv'
Parsing design file '/fastone/users/shibin.lu/dv_bachcore/st/sim_rtl/uvm_tb/memory_backdoor/src/memory_backdoor_pkg.sv'
Parsing included file '/fastone/softwares/synopsys/vcs/S-2021.09-SP2/etc/uvm-1.2/uvm_macros.svh'.
Back to file '/fastone/users/shibin.lu/dv_bachcore/st/sim_rtl/uvm_tb/memory_backdoor/src/memory_backdoor_pkg.sv'.
Parsing design file '/fastone/users/shibin.lu/dv_bachcore/st/sim_rtl/uvm_tb/memory_backdoor/work/ref_check/generated/sram_geometry_pkg.sv'
Parsing design file '/fastone/users/shibin.lu/dv_bachcore/st/sim_rtl/uvm_tb/memory_backdoor/third_party/tech_cells_generic/tc_sram.sv'
Parsing design file '/fastone/users/shibin.lu/dv_bachcore/st/sim_rtl/uvm_tb/memory_backdoor/examples/interleaved_sram.sv'
Parsing design file '/fastone/users/shibin.lu/dv_bachcore/st/sim_rtl/uvm_tb/memory_backdoor/src/memory_reference_component_pkg.sv'
Parsing included file '/fastone/softwares/synopsys/vcs/S-2021.09-SP2/etc/uvm-1.2/uvm_macros.svh'.
Back to file '/fastone/users/shibin.lu/dv_bachcore/st/sim_rtl/uvm_tb/memory_backdoor/src/memory_reference_component_pkg.sv'.
Parsing design file '/fastone/users/shibin.lu/dv_bachcore/st/sim_rtl/uvm_tb/memory_backdoor/src/memory_scoreboard_component_pkg.sv'
Parsing included file '/fastone/softwares/synopsys/vcs/S-2021.09-SP2/etc/uvm-1.2/uvm_macros.svh'.
Back to file '/fastone/users/shibin.lu/dv_bachcore/st/sim_rtl/uvm_tb/memory_backdoor/src/memory_scoreboard_component_pkg.sv'.
Parsing design file '/fastone/users/shibin.lu/dv_bachcore/st/sim_rtl/uvm_tb/memory_backdoor/src/memory_backdoor_operation_pkg.sv'
Parsing included file '/fastone/softwares/synopsys/vcs/S-2021.09-SP2/etc/uvm-1.2/uvm_macros.svh'.
Back to file '/fastone/users/shibin.lu/dv_bachcore/st/sim_rtl/uvm_tb/memory_backdoor/src/memory_backdoor_operation_pkg.sv'.
Parsing design file '/fastone/users/shibin.lu/dv_bachcore/st/sim_rtl/uvm_tb/memory_backdoor/examples/dut.sv'
Parsing design file '/fastone/users/shibin.lu/dv_bachcore/st/sim_rtl/uvm_tb/memory_backdoor/testcase/ref_check_testcase.sv'
Parsing included file '/fastone/softwares/synopsys/vcs/S-2021.09-SP2/etc/uvm-1.2/uvm_macros.svh'.
Back to file '/fastone/users/shibin.lu/dv_bachcore/st/sim_rtl/uvm_tb/memory_backdoor/testcase/ref_check_testcase.sv'.
Parsing design file '/fastone/users/shibin.lu/dv_bachcore/st/sim_rtl/uvm_tb/memory_backdoor/examples/tb_top.sv'
Top Level Modules:
       uvm_custom_install_recording
       uvm_custom_install_verdi_recording
       tc_sram_blackbox
       tb_top
TimeScale is 1 ns / 1 ps
Starting vcs inline pass...

15 modules and 0 UDP read.
recompiling package vcs_paramclassrepository
recompiling package _vcs_DPI_package
recompiling package uvm_pkg
recompiling package _vcs_msglog
recompiling module uvm_custom_install_recording
recompiling module uvm_custom_install_verdi_recording
recompiling package memory_backdoor_pkg
recompiling package sram_geometry_pkg
recompiling module tc_sram
recompiling module tc_sram_blackbox
recompiling package memory_reference_component_pkg
recompiling package memory_scoreboard_component_pkg
recompiling package memory_backdoor_operation_pkg
recompiling package ref_check_testcase_pkg
recompiling module tb_top
All of 15 modules done
make[2]: Warning: File `filelist.hsopt.llvm2_0.objs' has modification time 17 s in the future
make[2]: warning:  Clock skew detected.  Your build may be incomplete.
make[2]: Warning: File `filelist.cu' has modification time 17 s in the future
make[3]: Warning: File `filelist.cu' has modification time 17 s in the future
rm -f _cuarc*.so _csrc*.so pre_vcsobj_*.so share_vcsobj_*.so
make[3]: warning:  Clock skew detected.  Your build may be incomplete.
make[3]: Warning: File `filelist.cu' has modification time 17 s in the future
g++ -w  -pipe -DVCSMX -DUVM_DPI_DO_TYPE_CHECK -fPIC -O -I/fastone/softwares/synopsys/vcs/S-2021.09-SP2/include    -c /fastone/softwares/synopsys/vcs/S-2021.09-SP2/etc/uvm-1.2/dpi/uvm_dpi.cc
g++ -w  -pipe -DVCSMX -DUVM_DPI_DO_TYPE_CHECK -fPIC -O -I/fastone/softwares/synopsys/vcs/S-2021.09-SP2/include    -c /fastone/softwares/synopsys/vcs/S-2021.09-SP2/etc/uvm-1.2/verdi/dpi/uvm_verdi_dpi.cpp
make[3]: warning:  Clock skew detected.  Your build may be incomplete.
if [ -x ../simv ]; then chmod a-x ../simv; fi
g++  -o ../simv      -rdynamic  -Wl,-rpath='$ORIGIN'/simv.daidir -Wl,-rpath=./simv.daidir -Wl,-rpath=/fastone/softwares/synopsys/vcs/S-2021.09-SP2/linux64/lib -L/fastone/softwares/synopsys/vcs/S-2021.09-SP2/linux64/lib  -Wl,-rpath-link=./  uvm_dpi.o uvm_verdi_dpi.o   objs/amcQw_d.o   _3942756_archive_1.so  SIM_l.o      rmapats_mop.o rmapats.o rmar.o rmar_nd.o  rmar_llvm_0_1.o rmar_llvm_0_0.o           -lnuma -lvirsim -lerrorinf -lsnpsmalloc -lvfs /fastone/softwares/synopsys/verdi/T-2022.06/share/PLI/VCS/LINUX64/pli.a    -lvcsnew -lsimprofile -luclinative /fastone/softwares/synopsys/vcs/S-2021.09-SP2/linux64/lib/vcs_tls.o   -Wl,-whole-archive  -lvcsucli    -Wl,-no-whole-archive       ./../simv.daidir/vc_hdrs.o  _vcs_pli_stub_.o   /fastone/softwares/synopsys/vcs/S-2021.09-SP2/linux64/lib/vcs_save_restore_new.o /fastone/softwares/synopsys/verdi/T-2022.06/share/PLI/VCS/LINUX64/pli.a -ldl -lm  -lc -lpthread -ldl 
../simv up to date
make[2]: warning:  Clock skew detected.  Your build may be incomplete.
CPU time: 8.949 seconds to compile + .175 seconds to elab + .497 seconds to link
Verdi KDB elaboration done and the database successfully generated: 0 error(s), 0 warning(s)
Chronologic VCS simulator copyright 1991-2021
Contains Synopsys proprietary information.
Compiler version S-2021.09-SP2_Full64; Runtime version S-2021.09-SP2_Full64;  Sep  2 10:10 2026
RESET_ASSERTED
TB_DUT_INPUT_SOURCE_READY testcase=ref_check source=random words=2048
TB_DUT_INPUT_RANDOM_SEED value=1788343806
*Verdi* Loading libsscore_vcs202109.so
FSDB Dumper for VCS, Release Verdi_T-2022.06, Linux x86_64/64bit, 05/29/2022
(C) 1996 - 2022 by Synopsys, Inc.
*Verdi* : Create FSDB file 'ref_check.fsdb'
*Verdi* : Begin traversing the scope (tb_top), layer (0).
*Verdi* : End of traversing.
*Verdi* : Begin traversing the MDAs, layer (0).
*Verdi* : Enable +mda and +packedmda dumping.
*Verdi* : End of traversing the MDAs.
FSDB_DUMP_ENABLED file=ref_check.fsdb
MEMORY_BACKDOOR_TOPOLOGY srams=1 banks_per_sram=4 targets=4 address_interleave=1 mapping=block_interleave interleave_bytes=4 interleave_words=1
MEMORY_BACKDOOR_TARGET index=0 sram=0 bank=0 path=tb_top.dut.gen_sram[0].u_interleaved_sram.gen_bank[0].u_sram.sram rows=512 mapping=block_interleave first_block_word=0 block_words=1 block_stride=4 width=32
MEMORY_BACKDOOR_TARGET index=1 sram=0 bank=1 path=tb_top.dut.gen_sram[0].u_interleaved_sram.gen_bank[1].u_sram.sram rows=512 mapping=block_interleave first_block_word=1 block_words=1 block_stride=4 width=32
MEMORY_BACKDOOR_TARGET index=2 sram=0 bank=2 path=tb_top.dut.gen_sram[0].u_interleaved_sram.gen_bank[2].u_sram.sram rows=512 mapping=block_interleave first_block_word=2 block_words=1 block_stride=4 width=32
MEMORY_BACKDOOR_TARGET index=3 sram=0 bank=3 path=tb_top.dut.gen_sram[0].u_interleaved_sram.gen_bank[3].u_sram.sram rows=512 mapping=block_interleave first_block_word=3 block_words=1 block_stride=4 width=32
MEMORY_BACKDOOR_TESTCASE_SELECTED name=ref_check
SRAM_ADDRESS_GEOMETRY sram=0 banks=4 rows_per_bank=512 total_words=2048 bytes=8192 address_interleave=1 interleave_words=1 mapping=block_interleave instance=tb_top.dut.gen_sram[0].u_interleaved_sram
SRAM_WAVE_VIEW sram=0 base_byte_address=0x0 end_byte_address=0x1fff word_bytes=4 data=tb_top.dut.gen_sram[0].u_interleaved_sram.sram_view_data address=tb_top.dut.gen_sram[0].u_interleaved_sram.sram_view_byte_address bank=tb_top.dut.gen_sram[0].u_interleaved_sram.sram_view_bank row=tb_top.dut.gen_sram[0].u_interleaved_sram.sram_view_bank_row
SRAM_ADDRESS_BANK sram=0 bank=0 rows=512 mapping=block_interleave first_block_word=0 block_words=1 block_stride=4 path=tb_top.dut.gen_sram[0].u_interleaved_sram.gen_bank[0].u_sram.sram
SRAM_ADDRESS_BANK sram=0 bank=1 rows=512 mapping=block_interleave first_block_word=1 block_words=1 block_stride=4 path=tb_top.dut.gen_sram[0].u_interleaved_sram.gen_bank[1].u_sram.sram
SRAM_ADDRESS_BANK sram=0 bank=2 rows=512 mapping=block_interleave first_block_word=2 block_words=1 block_stride=4 path=tb_top.dut.gen_sram[0].u_interleaved_sram.gen_bank[2].u_sram.sram
SRAM_ADDRESS_BANK sram=0 bank=3 rows=512 mapping=block_interleave first_block_word=3 block_words=1 block_stride=4 path=tb_top.dut.gen_sram[0].u_interleaved_sram.gen_bank[3].u_sram.sram
RESET_DEASSERTED time=10 ns
MEMORY_BACKDOOR_TESTCASE_ON_RESET_RELEASE name=ref_check
MEMORY_BACKDOOR_OPERATION_SELECTED testcase=ref_check operation=ref_check
TB_DUT_INPUT_STREAM_DONE testcase=ref_check source=random words=2048
MEMORY_DUT_INPUT_INTERFACE_CAPTURE_READY testcase=ref_check words=2048 source=uvm_hdl_read data_path=tb_top.dut.check_input_data_i address_path=tb_top.dut.check_input_word_address_i valid_path=tb_top.dut.check_input_valid_i
REF_CHECK_DUT_INPUT_INTERFACE_ARRAY_READY words=2048 data_path=tb_top.dut.check_input_data_i address_path=tb_top.dut.check_input_word_address_i valid_path=tb_top.dut.check_input_valid_i
REF_CHECK_DUT_RESULT_BACKDOOR_ARRAY_READY words=2048 path=tb_top.dut.ref_result_capture_array
MEMORY_REFERENCE_COMPONENT_ARRAY_READY testcase=ref_check words=2048 operation=pass_through
REF_CHECK_MODE_SELECTED mode=REFERENCE expected_source=reference_component
REF_CHECK_DATA_FILE_READY kind=dut_input_interface file=/fastone/users/shibin.lu/dv_bachcore/st/sim_rtl/uvm_tb/memory_backdoor/work/ref_check/data/ref_check_dut_input_interface.txt words=2048
REF_CHECK_DATA_FILE_READY kind=reference_output file=/fastone/users/shibin.lu/dv_bachcore/st/sim_rtl/uvm_tb/memory_backdoor/work/ref_check/data/ref_check_reference_output.txt words=2048
REF_CHECK_DATA_FILE_READY kind=dut_output_backdoor file=/fastone/users/shibin.lu/dv_bachcore/st/sim_rtl/uvm_tb/memory_backdoor/work/ref_check/data/ref_check_dut_output_backdoor.txt words=2048
MEMORY_SCOREBOARD_COMPARE_FILE_READY testcase=ref_check file=/fastone/users/shibin.lu/dv_bachcore/st/sim_rtl/uvm_tb/memory_backdoor/work/ref_check/data/ref_check_dut_reference_compare.txt words=2048 mismatches=0 expected_source=reference_component
MEMORY_SCOREBOARD_PASS testcase=ref_check words=2048 mismatches=0 expected_source=reference_component
TEST_PASS testcase=ref_check words=2048 mismatches=0 operation=pass_through expected_source=reference_component
MEMORY_BACKDOOR_EXAMPLE_PASS testcase=ref_check time=20505 ns
$finish called from file "/fastone/users/shibin.lu/dv_bachcore/st/sim_rtl/uvm_tb/memory_backdoor/examples/tb_top.sv", line 475.
$finish at simulation time             20505001
           V C S   S i m u l a t i o n   R e p o r t 
Time: 20505001 ps
CPU Time:      0.300 seconds;       Data structure size:   0.7Mb
Wed Sep  2 10:10:55 2026
PASS ref_check -> /fastone/users/shibin.lu/dv_bachcore/st/sim_rtl/uvm_tb/memory_backdoor/work/ref_check (WAVA=1)
REF_CHECK_DATA_VALID file=/fastone/users/shibin.lu/dv_bachcore/st/sim_rtl/uvm_tb/memory_backdoor/work/ref_check/data/ref_check_dut_input_interface.txt words=2048
REF_CHECK_DATA_VALID file=/fastone/users/shibin.lu/dv_bachcore/st/sim_rtl/uvm_tb/memory_backdoor/work/ref_check/data/ref_check_reference_output.txt words=2048
REF_CHECK_DATA_VALID file=/fastone/users/shibin.lu/dv_bachcore/st/sim_rtl/uvm_tb/memory_backdoor/work/ref_check/data/ref_check_dut_output_backdoor.txt words=2048
CHECK_COMPARE_VALID file=/fastone/users/shibin.lu/dv_bachcore/st/sim_rtl/uvm_tb/memory_backdoor/work/ref_check/data/ref_check_dut_reference_compare.txt words=2048
FILE_CHECK_TESTCASE_CONFIG_VALID input=config/file_check/dut_input_data.txt golden=config/file_check/golden_data.txt
REF_CHECK_DATA_VALID file=/fastone/users/shibin.lu/dv_bachcore/st/sim_rtl/uvm_tb/memory_backdoor/config/file_check/dut_input_data.txt words=2048
REF_CHECK_DATA_VALID file=/fastone/users/shibin.lu/dv_bachcore/st/sim_rtl/uvm_tb/memory_backdoor/config/file_check/golden_data.txt words=2048
                         Chronologic VCS (TM)
       Version S-2021.09-SP2_Full64 -- Wed Sep  2 10:10:57 2026

                    Copyright (c) 1991 - 2022 Synopsys, Inc.
   This software and the associated documentation are proprietary to Synopsys,
 Inc. This software may only be used in accordance with the terms and conditions
 of a written license agreement with Synopsys, Inc. All other use, reproduction,
   or distribution of this software is strictly prohibited.  Licensed Products
     communicate with Synopsys servers for the purpose of providing software
    updates, detecting software piracy and verifying that customers are using
    Licensed Products in conformity with the applicable License Key for such
  Licensed Products. Synopsys will use information gathered in connection with
    this process to deliver software updates and pursue software pirates and
                                   infringers.

 Inclusivity & Diversity - Visit SolvNetPlus to read the "Synopsys Statement on
            Inclusivity and Diversity" (Refer to article 000036315 at
                        https://solvnetplus.synopsys.com)

Parsing design file '/fastone/softwares/synopsys/vcs/S-2021.09-SP2/etc/uvm-1.2/uvm_pkg.sv'
Parsing included file '/fastone/softwares/synopsys/vcs/S-2021.09-SP2/etc/uvm-1.2/uvm_macros.svh'.
Parsing included file '/fastone/softwares/synopsys/vcs/S-2021.09-SP2/etc/uvm-1.2/macros/uvm_version_defines.svh'.
Back to file '/fastone/softwares/synopsys/vcs/S-2021.09-SP2/etc/uvm-1.2/uvm_macros.svh'.
Parsing included file '/fastone/softwares/synopsys/vcs/S-2021.09-SP2/etc/uvm-1.2/macros/uvm_global_defines.svh'.
Back to file '/fastone/softwares/synopsys/vcs/S-2021.09-SP2/etc/uvm-1.2/uvm_macros.svh'.
Parsing included file '/fastone/softwares/synopsys/vcs/S-2021.09-SP2/etc/uvm-1.2/macros/snps_macros.svp'.
Back to file '/fastone/softwares/synopsys/vcs/S-2021.09-SP2/etc/uvm-1.2/uvm_macros.svh'.
Parsing included file '/fastone/softwares/synopsys/vcs/S-2021.09-SP2/etc/uvm-1.2/macros/uvm_message_defines.svh'.
Back to file '/fastone/softwares/synopsys/vcs/S-2021.09-SP2/etc/uvm-1.2/uvm_macros.svh'.
Parsing included file '/fastone/softwares/synopsys/vcs/S-2021.09-SP2/etc/uvm-1.2/macros/uvm_phase_defines.svh'.
Back to file '/fastone/softwares/synopsys/vcs/S-2021.09-SP2/etc/uvm-1.2/uvm_macros.svh'.
Parsing included file '/fastone/softwares/synopsys/vcs/S-2021.09-SP2/etc/uvm-1.2/macros/uvm_object_defines.svh'.
Back to file '/fastone/softwares/synopsys/vcs/S-2021.09-SP2/etc/uvm-1.2/uvm_macros.svh'.
Parsing included file '/fastone/softwares/synopsys/vcs/S-2021.09-SP2/etc/uvm-1.2/macros/uvm_printer_defines.svh'.
Back to file '/fastone/softwares/synopsys/vcs/S-2021.09-SP2/etc/uvm-1.2/uvm_macros.svh'.
Parsing included file '/fastone/softwares/synopsys/vcs/S-2021.09-SP2/etc/uvm-1.2/macros/uvm_tlm_defines.svh'.
Parsing included file '/fastone/softwares/synopsys/vcs/S-2021.09-SP2/etc/uvm-1.2/tlm1/uvm_tlm_imps.svh'.
Back to file '/fastone/softwares/synopsys/vcs/S-2021.09-SP2/etc/uvm-1.2/macros/uvm_tlm_defines.svh'.
Back to file '/fastone/softwares/synopsys/vcs/S-2021.09-SP2/etc/uvm-1.2/uvm_macros.svh'.
Parsing included file '/fastone/softwares/synopsys/vcs/S-2021.09-SP2/etc/uvm-1.2/macros/uvm_sequence_defines.svh'.
Back to file '/fastone/softwares/synopsys/vcs/S-2021.09-SP2/etc/uvm-1.2/uvm_macros.svh'.
Parsing included file '/fastone/softwares/synopsys/vcs/S-2021.09-SP2/etc/uvm-1.2/macros/uvm_callback_defines.svh'.
Back to file '/fastone/softwares/synopsys/vcs/S-2021.09-SP2/etc/uvm-1.2/uvm_macros.svh'.
Parsing included file '/fastone/softwares/synopsys/vcs/S-2021.09-SP2/etc/uvm-1.2/macros/uvm_reg_defines.svh'.
Back to file '/fastone/softwares/synopsys/vcs/S-2021.09-SP2/etc/uvm-1.2/uvm_macros.svh'.
Parsing included file '/fastone/softwares/synopsys/vcs/S-2021.09-SP2/etc/uvm-1.2/macros/uvm_deprecated_defines.svh'.
Back to file '/fastone/softwares/synopsys/vcs/S-2021.09-SP2/etc/uvm-1.2/uvm_macros.svh'.
Back to file '/fastone/softwares/synopsys/vcs/S-2021.09-SP2/etc/uvm-1.2/uvm_pkg.sv'.
Parsing included file '/fastone/softwares/synopsys/vcs/S-2021.09-SP2/etc/uvm-1.2/dpi/uvm_dpi.svh'.
Parsing included file '/fastone/softwares/synopsys/vcs/S-2021.09-SP2/etc/uvm-1.2/dpi/uvm_hdl.svh'.
Back to file '/fastone/softwares/synopsys/vcs/S-2021.09-SP2/etc/uvm-1.2/dpi/uvm_dpi.svh'.
Parsing included file '/fastone/softwares/synopsys/vcs/S-2021.09-SP2/etc/uvm-1.2/dpi/uvm_svcmd_dpi.svh'.
Back to file '/fastone/softwares/synopsys/vcs/S-2021.09-SP2/etc/uvm-1.2/dpi/uvm_dpi.svh'.
Parsing included file '/fastone/softwares/synopsys/vcs/S-2021.09-SP2/etc/uvm-1.2/dpi/uvm_regex.svh'.
Back to file '/fastone/softwares/synopsys/vcs/S-2021.09-SP2/etc/uvm-1.2/dpi/uvm_dpi.svh'.
Back to file '/fastone/softwares/synopsys/vcs/S-2021.09-SP2/etc/uvm-1.2/uvm_pkg.sv'.
Parsing included file '/fastone/softwares/synopsys/vcs/S-2021.09-SP2/etc/uvm-1.2/base/uvm_base.svh'.
Parsing included file '/fastone/softwares/synopsys/vcs/S-2021.09-SP2/etc/uvm-1.2/base/uvm_coreservice.svh'.
Back to file '/fastone/softwares/synopsys/vcs/S-2021.09-SP2/etc/uvm-1.2/base/uvm_base.svh'.
Parsing included file '/fastone/softwares/synopsys/vcs/S-2021.09-SP2/etc/uvm-1.2/base/uvm_version.svh'.
Back to file '/fastone/softwares/synopsys/vcs/S-2021.09-SP2/etc/uvm-1.2/base/uvm_base.svh'.
Parsing included file '/fastone/softwares/synopsys/vcs/S-2021.09-SP2/etc/uvm-1.2/base/uvm_object_globals.svh'.
Back to file '/fastone/softwares/synopsys/vcs/S-2021.09-SP2/etc/uvm-1.2/base/uvm_base.svh'.
Parsing included file '/fastone/softwares/synopsys/vcs/S-2021.09-SP2/etc/uvm-1.2/base/uvm_misc.svh'.
Back to file '/fastone/softwares/synopsys/vcs/S-2021.09-SP2/etc/uvm-1.2/base/uvm_base.svh'.
Parsing included file '/fastone/softwares/synopsys/vcs/S-2021.09-SP2/etc/uvm-1.2/base/uvm_object.svh'.
Back to file '/fastone/softwares/synopsys/vcs/S-2021.09-SP2/etc/uvm-1.2/base/uvm_base.svh'.
Parsing included file '/fastone/softwares/synopsys/vcs/S-2021.09-SP2/etc/uvm-1.2/base/uvm_pool.svh'.
Back to file '/fastone/softwares/synopsys/vcs/S-2021.09-SP2/etc/uvm-1.2/base/uvm_base.svh'.
Parsing included file '/fastone/softwares/synopsys/vcs/S-2021.09-SP2/etc/uvm-1.2/base/uvm_queue.svh'.
Back to file '/fastone/softwares/synopsys/vcs/S-2021.09-SP2/etc/uvm-1.2/base/uvm_base.svh'.
Parsing included file '/fastone/softwares/synopsys/vcs/S-2021.09-SP2/etc/uvm-1.2/base/uvm_factory.svh'.
Back to file '/fastone/softwares/synopsys/vcs/S-2021.09-SP2/etc/uvm-1.2/base/uvm_base.svh'.
Parsing included file '/fastone/softwares/synopsys/vcs/S-2021.09-SP2/etc/uvm-1.2/base/uvm_registry.svh'.
Back to file '/fastone/softwares/synopsys/vcs/S-2021.09-SP2/etc/uvm-1.2/base/uvm_base.svh'.
Parsing included file '/fastone/softwares/synopsys/vcs/S-2021.09-SP2/etc/uvm-1.2/base/uvm_spell_chkr.svh'.
Back to file '/fastone/softwares/synopsys/vcs/S-2021.09-SP2/etc/uvm-1.2/base/uvm_base.svh'.
Parsing included file '/fastone/softwares/synopsys/vcs/S-2021.09-SP2/etc/uvm-1.2/base/uvm_resource.svh'.
Back to file '/fastone/softwares/synopsys/vcs/S-2021.09-SP2/etc/uvm-1.2/base/uvm_base.svh'.
Parsing included file '/fastone/softwares/synopsys/vcs/S-2021.09-SP2/etc/uvm-1.2/base/uvm_resource_specializations.svh'.
Back to file '/fastone/softwares/synopsys/vcs/S-2021.09-SP2/etc/uvm-1.2/base/uvm_base.svh'.
Parsing included file '/fastone/softwares/synopsys/vcs/S-2021.09-SP2/etc/uvm-1.2/base/uvm_resource_db.svh'.
Back to file '/fastone/softwares/synopsys/vcs/S-2021.09-SP2/etc/uvm-1.2/base/uvm_base.svh'.
Parsing included file '/fastone/softwares/synopsys/vcs/S-2021.09-SP2/etc/uvm-1.2/base/uvm_config_db.svh'.
Back to file '/fastone/softwares/synopsys/vcs/S-2021.09-SP2/etc/uvm-1.2/base/uvm_base.svh'.
Parsing included file '/fastone/softwares/synopsys/vcs/S-2021.09-SP2/etc/uvm-1.2/base/uvm_printer.svh'.
Back to file '/fastone/softwares/synopsys/vcs/S-2021.09-SP2/etc/uvm-1.2/base/uvm_base.svh'.
Parsing included file '/fastone/softwares/synopsys/vcs/S-2021.09-SP2/etc/uvm-1.2/base/uvm_comparer.svh'.
Back to file '/fastone/softwares/synopsys/vcs/S-2021.09-SP2/etc/uvm-1.2/base/uvm_base.svh'.
Parsing included file '/fastone/softwares/synopsys/vcs/S-2021.09-SP2/etc/uvm-1.2/base/uvm_packer.svh'.
Back to file '/fastone/softwares/synopsys/vcs/S-2021.09-SP2/etc/uvm-1.2/base/uvm_base.svh'.
Parsing included file '/fastone/softwares/synopsys/vcs/S-2021.09-SP2/etc/uvm-1.2/base/uvm_links.svh'.
Back to file '/fastone/softwares/synopsys/vcs/S-2021.09-SP2/etc/uvm-1.2/base/uvm_base.svh'.
Parsing included file '/fastone/softwares/synopsys/vcs/S-2021.09-SP2/etc/uvm-1.2/base/uvm_tr_database.svh'.
Back to file '/fastone/softwares/synopsys/vcs/S-2021.09-SP2/etc/uvm-1.2/base/uvm_base.svh'.
Parsing included file '/fastone/softwares/synopsys/vcs/S-2021.09-SP2/etc/uvm-1.2/base/uvm_tr_stream.svh'.
Back to file '/fastone/softwares/synopsys/vcs/S-2021.09-SP2/etc/uvm-1.2/base/uvm_base.svh'.
Parsing included file '/fastone/softwares/synopsys/vcs/S-2021.09-SP2/etc/uvm-1.2/base/uvm_recorder.svh'.
Back to file '/fastone/softwares/synopsys/vcs/S-2021.09-SP2/etc/uvm-1.2/base/uvm_base.svh'.
Parsing included file '/fastone/softwares/synopsys/vcs/S-2021.09-SP2/etc/uvm-1.2/base/uvm_event_callback.svh'.
Back to file '/fastone/softwares/synopsys/vcs/S-2021.09-SP2/etc/uvm-1.2/base/uvm_base.svh'.
Parsing included file '/fastone/softwares/synopsys/vcs/S-2021.09-SP2/etc/uvm-1.2/base/uvm_event.svh'.
Back to file '/fastone/softwares/synopsys/vcs/S-2021.09-SP2/etc/uvm-1.2/base/uvm_base.svh'.
Parsing included file '/fastone/softwares/synopsys/vcs/S-2021.09-SP2/etc/uvm-1.2/base/uvm_barrier.svh'.
Back to file '/fastone/softwares/synopsys/vcs/S-2021.09-SP2/etc/uvm-1.2/base/uvm_base.svh'.
Parsing included file '/fastone/softwares/synopsys/vcs/S-2021.09-SP2/etc/uvm-1.2/base/uvm_callback.svh'.
Parsing included file '/fastone/softwares/synopsys/vcs/S-2021.09-SP2/etc/uvm-1.2/uvm_macros.svh'.
Back to file '/fastone/softwares/synopsys/vcs/S-2021.09-SP2/etc/uvm-1.2/base/uvm_callback.svh'.
Back to file '/fastone/softwares/synopsys/vcs/S-2021.09-SP2/etc/uvm-1.2/base/uvm_base.svh'.
Parsing included file '/fastone/softwares/synopsys/vcs/S-2021.09-SP2/etc/uvm-1.2/base/uvm_report_message.svh'.
Back to file '/fastone/softwares/synopsys/vcs/S-2021.09-SP2/etc/uvm-1.2/base/uvm_base.svh'.
Parsing included file '/fastone/softwares/synopsys/vcs/S-2021.09-SP2/etc/uvm-1.2/base/uvm_report_catcher.svh'.
Back to file '/fastone/softwares/synopsys/vcs/S-2021.09-SP2/etc/uvm-1.2/base/uvm_base.svh'.
Parsing included file '/fastone/softwares/synopsys/vcs/S-2021.09-SP2/etc/uvm-1.2/base/uvm_report_server.svh'.
Back to file '/fastone/softwares/synopsys/vcs/S-2021.09-SP2/etc/uvm-1.2/base/uvm_base.svh'.
Parsing included file '/fastone/softwares/synopsys/vcs/S-2021.09-SP2/etc/uvm-1.2/base/uvm_report_handler.svh'.
Back to file '/fastone/softwares/synopsys/vcs/S-2021.09-SP2/etc/uvm-1.2/base/uvm_base.svh'.
Parsing included file '/fastone/softwares/synopsys/vcs/S-2021.09-SP2/etc/uvm-1.2/base/uvm_report_object.svh'.
Back to file '/fastone/softwares/synopsys/vcs/S-2021.09-SP2/etc/uvm-1.2/base/uvm_base.svh'.
Parsing included file '/fastone/softwares/synopsys/vcs/S-2021.09-SP2/etc/uvm-1.2/base/uvm_transaction.svh'.
Back to file '/fastone/softwares/synopsys/vcs/S-2021.09-SP2/etc/uvm-1.2/base/uvm_base.svh'.
Parsing included file '/fastone/softwares/synopsys/vcs/S-2021.09-SP2/etc/uvm-1.2/base/uvm_phase.svh'.
Back to file '/fastone/softwares/synopsys/vcs/S-2021.09-SP2/etc/uvm-1.2/base/uvm_base.svh'.
Parsing included file '/fastone/softwares/synopsys/vcs/S-2021.09-SP2/etc/uvm-1.2/base/uvm_domain.svh'.
Back to file '/fastone/softwares/synopsys/vcs/S-2021.09-SP2/etc/uvm-1.2/base/uvm_base.svh'.
Parsing included file '/fastone/softwares/synopsys/vcs/S-2021.09-SP2/etc/uvm-1.2/base/uvm_bottomup_phase.svh'.
Back to file '/fastone/softwares/synopsys/vcs/S-2021.09-SP2/etc/uvm-1.2/base/uvm_base.svh'.
Parsing included file '/fastone/softwares/synopsys/vcs/S-2021.09-SP2/etc/uvm-1.2/base/uvm_topdown_phase.svh'.
Back to file '/fastone/softwares/synopsys/vcs/S-2021.09-SP2/etc/uvm-1.2/base/uvm_base.svh'.
Parsing included file '/fastone/softwares/synopsys/vcs/S-2021.09-SP2/etc/uvm-1.2/base/uvm_task_phase.svh'.
Back to file '/fastone/softwares/synopsys/vcs/S-2021.09-SP2/etc/uvm-1.2/base/uvm_base.svh'.
Parsing included file '/fastone/softwares/synopsys/vcs/S-2021.09-SP2/etc/uvm-1.2/base/uvm_common_phases.svh'.
Back to file '/fastone/softwares/synopsys/vcs/S-2021.09-SP2/etc/uvm-1.2/base/uvm_base.svh'.
Parsing included file '/fastone/softwares/synopsys/vcs/S-2021.09-SP2/etc/uvm-1.2/base/uvm_runtime_phases.svh'.
Back to file '/fastone/softwares/synopsys/vcs/S-2021.09-SP2/etc/uvm-1.2/base/uvm_base.svh'.
Parsing included file '/fastone/softwares/synopsys/vcs/S-2021.09-SP2/etc/uvm-1.2/base/uvm_component.svh'.
Parsing included file '/fastone/softwares/synopsys/vcs/S-2021.09-SP2/etc/uvm-1.2/base/uvm_root.svh'.
Back to file '/fastone/softwares/synopsys/vcs/S-2021.09-SP2/etc/uvm-1.2/base/uvm_component.svh'.
Back to file '/fastone/softwares/synopsys/vcs/S-2021.09-SP2/etc/uvm-1.2/base/uvm_base.svh'.
Parsing included file '/fastone/softwares/synopsys/vcs/S-2021.09-SP2/etc/uvm-1.2/base/uvm_objection.svh'.
Back to file '/fastone/softwares/synopsys/vcs/S-2021.09-SP2/etc/uvm-1.2/base/uvm_base.svh'.
Parsing included file '/fastone/softwares/synopsys/vcs/S-2021.09-SP2/etc/uvm-1.2/base/uvm_heartbeat.svh'.
Back to file '/fastone/softwares/synopsys/vcs/S-2021.09-SP2/etc/uvm-1.2/base/uvm_base.svh'.
Parsing included file '/fastone/softwares/synopsys/vcs/S-2021.09-SP2/etc/uvm-1.2/base/uvm_globals.svh'.
Back to file '/fastone/softwares/synopsys/vcs/S-2021.09-SP2/etc/uvm-1.2/base/uvm_base.svh'.
Parsing included file '/fastone/softwares/synopsys/vcs/S-2021.09-SP2/etc/uvm-1.2/base/uvm_cmdline_processor.svh'.
Back to file '/fastone/softwares/synopsys/vcs/S-2021.09-SP2/etc/uvm-1.2/base/uvm_base.svh'.
Parsing included file '/fastone/softwares/synopsys/vcs/S-2021.09-SP2/etc/uvm-1.2/base/uvm_traversal.svh'.
Back to file '/fastone/softwares/synopsys/vcs/S-2021.09-SP2/etc/uvm-1.2/base/uvm_base.svh'.
Back to file '/fastone/softwares/synopsys/vcs/S-2021.09-SP2/etc/uvm-1.2/uvm_pkg.sv'.
Parsing included file '/fastone/softwares/synopsys/vcs/S-2021.09-SP2/etc/uvm-1.2/dap/uvm_dap.svh'.
Parsing included file '/fastone/softwares/synopsys/vcs/S-2021.09-SP2/etc/uvm-1.2/dap/uvm_set_get_dap_base.svh'.
Back to file '/fastone/softwares/synopsys/vcs/S-2021.09-SP2/etc/uvm-1.2/dap/uvm_dap.svh'.
Parsing included file '/fastone/softwares/synopsys/vcs/S-2021.09-SP2/etc/uvm-1.2/dap/uvm_simple_lock_dap.svh'.
Back to file '/fastone/softwares/synopsys/vcs/S-2021.09-SP2/etc/uvm-1.2/dap/uvm_dap.svh'.
Parsing included file '/fastone/softwares/synopsys/vcs/S-2021.09-SP2/etc/uvm-1.2/dap/uvm_get_to_lock_dap.svh'.
Back to file '/fastone/softwares/synopsys/vcs/S-2021.09-SP2/etc/uvm-1.2/dap/uvm_dap.svh'.
Parsing included file '/fastone/softwares/synopsys/vcs/S-2021.09-SP2/etc/uvm-1.2/dap/uvm_set_before_get_dap.svh'.
Back to file '/fastone/softwares/synopsys/vcs/S-2021.09-SP2/etc/uvm-1.2/dap/uvm_dap.svh'.
Back to file '/fastone/softwares/synopsys/vcs/S-2021.09-SP2/etc/uvm-1.2/uvm_pkg.sv'.
Parsing included file '/fastone/softwares/synopsys/vcs/S-2021.09-SP2/etc/uvm-1.2/tlm1/uvm_tlm.svh'.
Parsing included file '/fastone/softwares/synopsys/vcs/S-2021.09-SP2/etc/uvm-1.2/tlm1/uvm_tlm_ifs.svh'.
Back to file '/fastone/softwares/synopsys/vcs/S-2021.09-SP2/etc/uvm-1.2/tlm1/uvm_tlm.svh'.
Parsing included file '/fastone/softwares/synopsys/vcs/S-2021.09-SP2/etc/uvm-1.2/tlm1/uvm_sqr_ifs.svh'.
Back to file '/fastone/softwares/synopsys/vcs/S-2021.09-SP2/etc/uvm-1.2/tlm1/uvm_tlm.svh'.
Parsing included file '/fastone/softwares/synopsys/vcs/S-2021.09-SP2/etc/uvm-1.2/base/uvm_port_base.svh'.
Back to file '/fastone/softwares/synopsys/vcs/S-2021.09-SP2/etc/uvm-1.2/tlm1/uvm_tlm.svh'.
Parsing included file '/fastone/softwares/synopsys/vcs/S-2021.09-SP2/etc/uvm-1.2/tlm1/uvm_tlm_imps.svh'.
Back to file '/fastone/softwares/synopsys/vcs/S-2021.09-SP2/etc/uvm-1.2/tlm1/uvm_tlm.svh'.
Parsing included file '/fastone/softwares/synopsys/vcs/S-2021.09-SP2/etc/uvm-1.2/tlm1/uvm_imps.svh'.
Back to file '/fastone/softwares/synopsys/vcs/S-2021.09-SP2/etc/uvm-1.2/tlm1/uvm_tlm.svh'.
Parsing included file '/fastone/softwares/synopsys/vcs/S-2021.09-SP2/etc/uvm-1.2/tlm1/uvm_ports.svh'.
Back to file '/fastone/softwares/synopsys/vcs/S-2021.09-SP2/etc/uvm-1.2/tlm1/uvm_tlm.svh'.
Parsing included file '/fastone/softwares/synopsys/vcs/S-2021.09-SP2/etc/uvm-1.2/tlm1/uvm_exports.svh'.
Back to file '/fastone/softwares/synopsys/vcs/S-2021.09-SP2/etc/uvm-1.2/tlm1/uvm_tlm.svh'.
Parsing included file '/fastone/softwares/synopsys/vcs/S-2021.09-SP2/etc/uvm-1.2/tlm1/uvm_analysis_port.svh'.
Back to file '/fastone/softwares/synopsys/vcs/S-2021.09-SP2/etc/uvm-1.2/tlm1/uvm_tlm.svh'.
Parsing included file '/fastone/softwares/synopsys/vcs/S-2021.09-SP2/etc/uvm-1.2/tlm1/uvm_tlm_fifo_base.svh'.
Back to file '/fastone/softwares/synopsys/vcs/S-2021.09-SP2/etc/uvm-1.2/tlm1/uvm_tlm.svh'.
Parsing included file '/fastone/softwares/synopsys/vcs/S-2021.09-SP2/etc/uvm-1.2/tlm1/uvm_tlm_fifos.svh'.
Back to file '/fastone/softwares/synopsys/vcs/S-2021.09-SP2/etc/uvm-1.2/tlm1/uvm_tlm.svh'.
Parsing included file '/fastone/softwares/synopsys/vcs/S-2021.09-SP2/etc/uvm-1.2/tlm1/uvm_tlm_req_rsp.svh'.
Back to file '/fastone/softwares/synopsys/vcs/S-2021.09-SP2/etc/uvm-1.2/tlm1/uvm_tlm.svh'.
Parsing included file '/fastone/softwares/synopsys/vcs/S-2021.09-SP2/etc/uvm-1.2/tlm1/uvm_sqr_connections.svh'.
Back to file '/fastone/softwares/synopsys/vcs/S-2021.09-SP2/etc/uvm-1.2/tlm1/uvm_tlm.svh'.
Back to file '/fastone/softwares/synopsys/vcs/S-2021.09-SP2/etc/uvm-1.2/uvm_pkg.sv'.
Parsing included file '/fastone/softwares/synopsys/vcs/S-2021.09-SP2/etc/uvm-1.2/comps/uvm_comps.svh'.
Parsing included file '/fastone/softwares/synopsys/vcs/S-2021.09-SP2/etc/uvm-1.2/comps/uvm_pair.svh'.
Back to file '/fastone/softwares/synopsys/vcs/S-2021.09-SP2/etc/uvm-1.2/comps/uvm_comps.svh'.
Parsing included file '/fastone/softwares/synopsys/vcs/S-2021.09-SP2/etc/uvm-1.2/comps/uvm_policies.svh'.
Back to file '/fastone/softwares/synopsys/vcs/S-2021.09-SP2/etc/uvm-1.2/comps/uvm_comps.svh'.
Parsing included file '/fastone/softwares/synopsys/vcs/S-2021.09-SP2/etc/uvm-1.2/comps/uvm_in_order_comparator.svh'.
Back to file '/fastone/softwares/synopsys/vcs/S-2021.09-SP2/etc/uvm-1.2/comps/uvm_comps.svh'.
Parsing included file '/fastone/softwares/synopsys/vcs/S-2021.09-SP2/etc/uvm-1.2/comps/uvm_algorithmic_comparator.svh'.
Back to file '/fastone/softwares/synopsys/vcs/S-2021.09-SP2/etc/uvm-1.2/comps/uvm_comps.svh'.
Parsing included file '/fastone/softwares/synopsys/vcs/S-2021.09-SP2/etc/uvm-1.2/comps/uvm_random_stimulus.svh'.
Back to file '/fastone/softwares/synopsys/vcs/S-2021.09-SP2/etc/uvm-1.2/comps/uvm_comps.svh'.
Parsing included file '/fastone/softwares/synopsys/vcs/S-2021.09-SP2/etc/uvm-1.2/comps/uvm_subscriber.svh'.
Back to file '/fastone/softwares/synopsys/vcs/S-2021.09-SP2/etc/uvm-1.2/comps/uvm_comps.svh'.
Parsing included file '/fastone/softwares/synopsys/vcs/S-2021.09-SP2/etc/uvm-1.2/comps/uvm_monitor.svh'.
Back to file '/fastone/softwares/synopsys/vcs/S-2021.09-SP2/etc/uvm-1.2/comps/uvm_comps.svh'.
Parsing included file '/fastone/softwares/synopsys/vcs/S-2021.09-SP2/etc/uvm-1.2/comps/uvm_driver.svh'.
Back to file '/fastone/softwares/synopsys/vcs/S-2021.09-SP2/etc/uvm-1.2/comps/uvm_comps.svh'.
Parsing included file '/fastone/softwares/synopsys/vcs/S-2021.09-SP2/etc/uvm-1.2/comps/uvm_push_driver.svh'.
Back to file '/fastone/softwares/synopsys/vcs/S-2021.09-SP2/etc/uvm-1.2/comps/uvm_comps.svh'.
Parsing included file '/fastone/softwares/synopsys/vcs/S-2021.09-SP2/etc/uvm-1.2/comps/uvm_scoreboard.svh'.
Back to file '/fastone/softwares/synopsys/vcs/S-2021.09-SP2/etc/uvm-1.2/comps/uvm_comps.svh'.
Parsing included file '/fastone/softwares/synopsys/vcs/S-2021.09-SP2/etc/uvm-1.2/comps/uvm_agent.svh'.
Back to file '/fastone/softwares/synopsys/vcs/S-2021.09-SP2/etc/uvm-1.2/comps/uvm_comps.svh'.
Parsing included file '/fastone/softwares/synopsys/vcs/S-2021.09-SP2/etc/uvm-1.2/comps/uvm_env.svh'.
Back to file '/fastone/softwares/synopsys/vcs/S-2021.09-SP2/etc/uvm-1.2/comps/uvm_comps.svh'.
Parsing included file '/fastone/softwares/synopsys/vcs/S-2021.09-SP2/etc/uvm-1.2/comps/uvm_test.svh'.
Back to file '/fastone/softwares/synopsys/vcs/S-2021.09-SP2/etc/uvm-1.2/comps/uvm_comps.svh'.
Back to file '/fastone/softwares/synopsys/vcs/S-2021.09-SP2/etc/uvm-1.2/uvm_pkg.sv'.
Parsing included file '/fastone/softwares/synopsys/vcs/S-2021.09-SP2/etc/uvm-1.2/seq/uvm_seq.svh'.
Parsing included file '/fastone/softwares/synopsys/vcs/S-2021.09-SP2/etc/uvm-1.2/seq/uvm_sequence_item.svh'.
Back to file '/fastone/softwares/synopsys/vcs/S-2021.09-SP2/etc/uvm-1.2/seq/uvm_seq.svh'.
Parsing included file '/fastone/softwares/synopsys/vcs/S-2021.09-SP2/etc/uvm-1.2/seq/uvm_sequencer_base.svh'.
Back to file '/fastone/softwares/synopsys/vcs/S-2021.09-SP2/etc/uvm-1.2/seq/uvm_seq.svh'.
Parsing included file '/fastone/softwares/synopsys/vcs/S-2021.09-SP2/etc/uvm-1.2/seq/uvm_sequencer_analysis_fifo.svh'.
Back to file '/fastone/softwares/synopsys/vcs/S-2021.09-SP2/etc/uvm-1.2/seq/uvm_seq.svh'.
Parsing included file '/fastone/softwares/synopsys/vcs/S-2021.09-SP2/etc/uvm-1.2/seq/uvm_sequencer_param_base.svh'.
Back to file '/fastone/softwares/synopsys/vcs/S-2021.09-SP2/etc/uvm-1.2/seq/uvm_seq.svh'.
Parsing included file '/fastone/softwares/synopsys/vcs/S-2021.09-SP2/etc/uvm-1.2/seq/uvm_sequencer.svh'.
Back to file '/fastone/softwares/synopsys/vcs/S-2021.09-SP2/etc/uvm-1.2/seq/uvm_seq.svh'.
Parsing included file '/fastone/softwares/synopsys/vcs/S-2021.09-SP2/etc/uvm-1.2/seq/uvm_push_sequencer.svh'.
Back to file '/fastone/softwares/synopsys/vcs/S-2021.09-SP2/etc/uvm-1.2/seq/uvm_seq.svh'.
Parsing included file '/fastone/softwares/synopsys/vcs/S-2021.09-SP2/etc/uvm-1.2/seq/uvm_sequence_base.svh'.
Back to file '/fastone/softwares/synopsys/vcs/S-2021.09-SP2/etc/uvm-1.2/seq/uvm_seq.svh'.
Parsing included file '/fastone/softwares/synopsys/vcs/S-2021.09-SP2/etc/uvm-1.2/seq/uvm_sequence.svh'.
Back to file '/fastone/softwares/synopsys/vcs/S-2021.09-SP2/etc/uvm-1.2/seq/uvm_seq.svh'.
Parsing included file '/fastone/softwares/synopsys/vcs/S-2021.09-SP2/etc/uvm-1.2/seq/uvm_sequence_library.svh'.
Back to file '/fastone/softwares/synopsys/vcs/S-2021.09-SP2/etc/uvm-1.2/seq/uvm_seq.svh'.
Parsing included file '/fastone/softwares/synopsys/vcs/S-2021.09-SP2/etc/uvm-1.2/seq/uvm_sequence_builtin.svh'.
Back to file '/fastone/softwares/synopsys/vcs/S-2021.09-SP2/etc/uvm-1.2/seq/uvm_seq.svh'.
Back to file '/fastone/softwares/synopsys/vcs/S-2021.09-SP2/etc/uvm-1.2/uvm_pkg.sv'.
Parsing included file '/fastone/softwares/synopsys/vcs/S-2021.09-SP2/etc/uvm-1.2/tlm2/uvm_tlm2.svh'.
Parsing included file '/fastone/softwares/synopsys/vcs/S-2021.09-SP2/etc/uvm-1.2/tlm2/uvm_tlm2_defines.svh'.
Back to file '/fastone/softwares/synopsys/vcs/S-2021.09-SP2/etc/uvm-1.2/tlm2/uvm_tlm2.svh'.
Parsing included file '/fastone/softwares/synopsys/vcs/S-2021.09-SP2/etc/uvm-1.2/tlm2/uvm_tlm2_time.svh'.
Back to file '/fastone/softwares/synopsys/vcs/S-2021.09-SP2/etc/uvm-1.2/tlm2/uvm_tlm2.svh'.
Parsing included file '/fastone/softwares/synopsys/vcs/S-2021.09-SP2/etc/uvm-1.2/tlm2/uvm_tlm2_generic_payload.svh'.
Back to file '/fastone/softwares/synopsys/vcs/S-2021.09-SP2/etc/uvm-1.2/tlm2/uvm_tlm2.svh'.
Parsing included file '/fastone/softwares/synopsys/vcs/S-2021.09-SP2/etc/uvm-1.2/tlm2/uvm_tlm2_ifs.svh'.
Back to file '/fastone/softwares/synopsys/vcs/S-2021.09-SP2/etc/uvm-1.2/tlm2/uvm_tlm2.svh'.
Parsing included file '/fastone/softwares/synopsys/vcs/S-2021.09-SP2/etc/uvm-1.2/tlm2/uvm_tlm2_imps.svh'.
Back to file '/fastone/softwares/synopsys/vcs/S-2021.09-SP2/etc/uvm-1.2/tlm2/uvm_tlm2.svh'.
Parsing included file '/fastone/softwares/synopsys/vcs/S-2021.09-SP2/etc/uvm-1.2/tlm2/uvm_tlm2_ports.svh'.
Back to file '/fastone/softwares/synopsys/vcs/S-2021.09-SP2/etc/uvm-1.2/tlm2/uvm_tlm2.svh'.
Parsing included file '/fastone/softwares/synopsys/vcs/S-2021.09-SP2/etc/uvm-1.2/tlm2/uvm_tlm2_exports.svh'.
Back to file '/fastone/softwares/synopsys/vcs/S-2021.09-SP2/etc/uvm-1.2/tlm2/uvm_tlm2.svh'.
Parsing included file '/fastone/softwares/synopsys/vcs/S-2021.09-SP2/etc/uvm-1.2/tlm2/uvm_tlm2_sockets_base.svh'.
Back to file '/fastone/softwares/synopsys/vcs/S-2021.09-SP2/etc/uvm-1.2/tlm2/uvm_tlm2.svh'.
Parsing included file '/fastone/softwares/synopsys/vcs/S-2021.09-SP2/etc/uvm-1.2/tlm2/uvm_tlm2_sockets.svh'.
Back to file '/fastone/softwares/synopsys/vcs/S-2021.09-SP2/etc/uvm-1.2/tlm2/uvm_tlm2.svh'.
Back to file '/fastone/softwares/synopsys/vcs/S-2021.09-SP2/etc/uvm-1.2/uvm_pkg.sv'.
Parsing included file '/fastone/softwares/synopsys/vcs/S-2021.09-SP2/etc/uvm-1.2/reg/uvm_reg_model.svh'.
Parsing included file '/fastone/softwares/synopsys/vcs/S-2021.09-SP2/etc/uvm-1.2/reg/uvm_reg_item.svh'.
Back to file '/fastone/softwares/synopsys/vcs/S-2021.09-SP2/etc/uvm-1.2/reg/uvm_reg_model.svh'.
Parsing included file '/fastone/softwares/synopsys/vcs/S-2021.09-SP2/etc/uvm-1.2/reg/uvm_reg_adapter.svh'.
Back to file '/fastone/softwares/synopsys/vcs/S-2021.09-SP2/etc/uvm-1.2/reg/uvm_reg_model.svh'.
Parsing included file '/fastone/softwares/synopsys/vcs/S-2021.09-SP2/etc/uvm-1.2/reg/uvm_reg_predictor.svh'.
Back to file '/fastone/softwares/synopsys/vcs/S-2021.09-SP2/etc/uvm-1.2/reg/uvm_reg_model.svh'.
Parsing included file '/fastone/softwares/synopsys/vcs/S-2021.09-SP2/etc/uvm-1.2/reg/uvm_reg_sequence.svh'.
Back to file '/fastone/softwares/synopsys/vcs/S-2021.09-SP2/etc/uvm-1.2/reg/uvm_reg_model.svh'.
Parsing included file '/fastone/softwares/synopsys/vcs/S-2021.09-SP2/etc/uvm-1.2/reg/uvm_reg_cbs.svh'.
Back to file '/fastone/softwares/synopsys/vcs/S-2021.09-SP2/etc/uvm-1.2/reg/uvm_reg_model.svh'.
Parsing included file '/fastone/softwares/synopsys/vcs/S-2021.09-SP2/etc/uvm-1.2/reg/uvm_reg_backdoor.svh'.
Back to file '/fastone/softwares/synopsys/vcs/S-2021.09-SP2/etc/uvm-1.2/reg/uvm_reg_model.svh'.
Parsing included file '/fastone/softwares/synopsys/vcs/S-2021.09-SP2/etc/uvm-1.2/reg/uvm_reg_field.svh'.
Back to file '/fastone/softwares/synopsys/vcs/S-2021.09-SP2/etc/uvm-1.2/reg/uvm_reg_model.svh'.
Parsing included file '/fastone/softwares/synopsys/vcs/S-2021.09-SP2/etc/uvm-1.2/reg/uvm_vreg_field.svh'.
Back to file '/fastone/softwares/synopsys/vcs/S-2021.09-SP2/etc/uvm-1.2/reg/uvm_reg_model.svh'.
Parsing included file '/fastone/softwares/synopsys/vcs/S-2021.09-SP2/etc/uvm-1.2/reg/uvm_reg.svh'.
Back to file '/fastone/softwares/synopsys/vcs/S-2021.09-SP2/etc/uvm-1.2/reg/uvm_reg_model.svh'.
Parsing included file '/fastone/softwares/synopsys/vcs/S-2021.09-SP2/etc/uvm-1.2/reg/uvm_reg_indirect.svh'.
Back to file '/fastone/softwares/synopsys/vcs/S-2021.09-SP2/etc/uvm-1.2/reg/uvm_reg_model.svh'.
Parsing included file '/fastone/softwares/synopsys/vcs/S-2021.09-SP2/etc/uvm-1.2/reg/uvm_reg_fifo.svh'.
Back to file '/fastone/softwares/synopsys/vcs/S-2021.09-SP2/etc/uvm-1.2/reg/uvm_reg_model.svh'.
Parsing included file '/fastone/softwares/synopsys/vcs/S-2021.09-SP2/etc/uvm-1.2/reg/uvm_reg_file.svh'.
Back to file '/fastone/softwares/synopsys/vcs/S-2021.09-SP2/etc/uvm-1.2/reg/uvm_reg_model.svh'.
Parsing included file '/fastone/softwares/synopsys/vcs/S-2021.09-SP2/etc/uvm-1.2/reg/uvm_mem_mam.svh'.
Back to file '/fastone/softwares/synopsys/vcs/S-2021.09-SP2/etc/uvm-1.2/reg/uvm_reg_model.svh'.
Parsing included file '/fastone/softwares/synopsys/vcs/S-2021.09-SP2/etc/uvm-1.2/reg/uvm_vreg.svh'.
Back to file '/fastone/softwares/synopsys/vcs/S-2021.09-SP2/etc/uvm-1.2/reg/uvm_reg_model.svh'.
Parsing included file '/fastone/softwares/synopsys/vcs/S-2021.09-SP2/etc/uvm-1.2/reg/uvm_mem.svh'.
Back to file '/fastone/softwares/synopsys/vcs/S-2021.09-SP2/etc/uvm-1.2/reg/uvm_reg_model.svh'.
Parsing included file '/fastone/softwares/synopsys/vcs/S-2021.09-SP2/etc/uvm-1.2/reg/uvm_reg_map.svh'.
Back to file '/fastone/softwares/synopsys/vcs/S-2021.09-SP2/etc/uvm-1.2/reg/uvm_reg_model.svh'.
Parsing included file '/fastone/softwares/synopsys/vcs/S-2021.09-SP2/etc/uvm-1.2/reg/uvm_reg_block.svh'.
Back to file '/fastone/softwares/synopsys/vcs/S-2021.09-SP2/etc/uvm-1.2/reg/uvm_reg_model.svh'.
Parsing included file '/fastone/softwares/synopsys/vcs/S-2021.09-SP2/etc/uvm-1.2/reg/sequences/uvm_reg_hw_reset_seq.svh'.
Back to file '/fastone/softwares/synopsys/vcs/S-2021.09-SP2/etc/uvm-1.2/reg/uvm_reg_model.svh'.
Parsing included file '/fastone/softwares/synopsys/vcs/S-2021.09-SP2/etc/uvm-1.2/reg/sequences/uvm_reg_bit_bash_seq.svh'.
Back to file '/fastone/softwares/synopsys/vcs/S-2021.09-SP2/etc/uvm-1.2/reg/uvm_reg_model.svh'.
Parsing included file '/fastone/softwares/synopsys/vcs/S-2021.09-SP2/etc/uvm-1.2/reg/sequences/uvm_mem_walk_seq.svh'.
Back to file '/fastone/softwares/synopsys/vcs/S-2021.09-SP2/etc/uvm-1.2/reg/uvm_reg_model.svh'.
Parsing included file '/fastone/softwares/synopsys/vcs/S-2021.09-SP2/etc/uvm-1.2/reg/sequences/uvm_mem_access_seq.svh'.
Back to file '/fastone/softwares/synopsys/vcs/S-2021.09-SP2/etc/uvm-1.2/reg/uvm_reg_model.svh'.
Parsing included file '/fastone/softwares/synopsys/vcs/S-2021.09-SP2/etc/uvm-1.2/reg/sequences/uvm_reg_access_seq.svh'.
Back to file '/fastone/softwares/synopsys/vcs/S-2021.09-SP2/etc/uvm-1.2/reg/uvm_reg_model.svh'.
Parsing included file '/fastone/softwares/synopsys/vcs/S-2021.09-SP2/etc/uvm-1.2/reg/sequences/uvm_reg_mem_shared_access_seq.svh'.
Back to file '/fastone/softwares/synopsys/vcs/S-2021.09-SP2/etc/uvm-1.2/reg/uvm_reg_model.svh'.
Parsing included file '/fastone/softwares/synopsys/vcs/S-2021.09-SP2/etc/uvm-1.2/reg/sequences/uvm_reg_mem_built_in_seq.svh'.
Back to file '/fastone/softwares/synopsys/vcs/S-2021.09-SP2/etc/uvm-1.2/reg/uvm_reg_model.svh'.
Parsing included file '/fastone/softwares/synopsys/vcs/S-2021.09-SP2/etc/uvm-1.2/reg/sequences/uvm_reg_mem_hdl_paths_seq.svh'.
Back to file '/fastone/softwares/synopsys/vcs/S-2021.09-SP2/etc/uvm-1.2/reg/uvm_reg_model.svh'.
Parsing included file '/fastone/softwares/synopsys/vcs/S-2021.09-SP2/etc/uvm-1.2/reg/snps_uvm_reg_bank.svh'.
Back to file '/fastone/softwares/synopsys/vcs/S-2021.09-SP2/etc/uvm-1.2/reg/uvm_reg_model.svh'.
Back to file '/fastone/softwares/synopsys/vcs/S-2021.09-SP2/etc/uvm-1.2/uvm_pkg.sv'.
Parsing included file '/fastone/softwares/synopsys/vcs/S-2021.09-SP2/etc/uvm-1.2/vcs/vcs_uvm_alt.sv'.
Back to file '/fastone/softwares/synopsys/vcs/S-2021.09-SP2/etc/uvm-1.2/uvm_pkg.sv'.
Parsing design file '/fastone/softwares/synopsys/vcs/S-2021.09-SP2/etc/uvm-1.2/vcs/uvm_custom_install_vcs_recorder.sv'
Parsing included file '/fastone/softwares/synopsys/vcs/S-2021.09-SP2/etc/uvm-1.2/vcs/msglog.svh'.
Back to file '/fastone/softwares/synopsys/vcs/S-2021.09-SP2/etc/uvm-1.2/vcs/uvm_custom_install_vcs_recorder.sv'.
Parsing included file '/fastone/softwares/synopsys/vcs/S-2021.09-SP2/etc/uvm-1.2/vcs/uvm_msglog_report_server.sv'.
Back to file '/fastone/softwares/synopsys/vcs/S-2021.09-SP2/etc/uvm-1.2/vcs/uvm_custom_install_vcs_recorder.sv'.
Parsing included file '/fastone/softwares/synopsys/vcs/S-2021.09-SP2/etc/uvm-1.2/vcs/uvm_vcs_recorder.svh'.
Parsing included file '/fastone/softwares/synopsys/vcs/S-2021.09-SP2/etc/uvm-1.2/vcs/uvm_vcs_tr_database.svh'.
Parsing included file '/fastone/softwares/synopsys/vcs/S-2021.09-SP2/etc/uvm-1.2/vcs/uvm_vcs_tr_stream.svh'.
Back to file '/fastone/softwares/synopsys/vcs/S-2021.09-SP2/etc/uvm-1.2/vcs/uvm_vcs_tr_database.svh'.
Back to file '/fastone/softwares/synopsys/vcs/S-2021.09-SP2/etc/uvm-1.2/vcs/uvm_vcs_recorder.svh'.
Back to file '/fastone/softwares/synopsys/vcs/S-2021.09-SP2/etc/uvm-1.2/vcs/uvm_custom_install_vcs_recorder.sv'.
Parsing included file '/fastone/softwares/synopsys/vcs/S-2021.09-SP2/etc/uvm-1.2/vcs/uvm_vcs_record_interface.sv'.
Back to file '/fastone/softwares/synopsys/vcs/S-2021.09-SP2/etc/uvm-1.2/vcs/uvm_custom_install_vcs_recorder.sv'.
Parsing design file '/fastone/softwares/synopsys/vcs/S-2021.09-SP2/etc/uvm-1.2/verdi/uvm_custom_install_verdi_recorder.sv'
Parsing included file '/fastone/softwares/synopsys/vcs/S-2021.09-SP2/etc/uvm-1.2/uvm_macros.svh'.
Back to file '/fastone/softwares/synopsys/vcs/S-2021.09-SP2/etc/uvm-1.2/verdi/uvm_custom_install_verdi_recorder.sv'.
Parsing included file '/fastone/softwares/synopsys/vcs/S-2021.09-SP2/etc/uvm-1.2/verdi/uvm_verdi_recorder.svh'.
Parsing included file '/fastone/softwares/synopsys/vcs/S-2021.09-SP2/etc/uvm-1.2/verdi/uvm_verdi_pli_base.svh'.
Back to file '/fastone/softwares/synopsys/vcs/S-2021.09-SP2/etc/uvm-1.2/verdi/uvm_verdi_recorder.svh'.
Parsing included file '/fastone/softwares/synopsys/vcs/S-2021.09-SP2/etc/uvm-1.2/verdi/uvm_verdi_tr_database.svh'.
Parsing included file '/fastone/softwares/synopsys/vcs/S-2021.09-SP2/etc/uvm-1.2/verdi/uvm_verdi_tr_stream.svh'.
Back to file '/fastone/softwares/synopsys/vcs/S-2021.09-SP2/etc/uvm-1.2/verdi/uvm_verdi_tr_database.svh'.
Back to file '/fastone/softwares/synopsys/vcs/S-2021.09-SP2/etc/uvm-1.2/verdi/uvm_verdi_recorder.svh'.
Back to file '/fastone/softwares/synopsys/vcs/S-2021.09-SP2/etc/uvm-1.2/verdi/uvm_custom_install_verdi_recorder.sv'.
Parsing included file '/fastone/softwares/synopsys/vcs/S-2021.09-SP2/etc/uvm-1.2/verdi/uvm_verdi_reg_map_recording.sv'.
Back to file '/fastone/softwares/synopsys/vcs/S-2021.09-SP2/etc/uvm-1.2/verdi/uvm_custom_install_verdi_recorder.sv'.
Parsing included file '/fastone/softwares/synopsys/vcs/S-2021.09-SP2/etc/uvm-1.2/verdi/uvm_verdi_message_catcher.svh'.
Parsing included file '/fastone/softwares/synopsys/vcs/S-2021.09-SP2/etc/uvm-1.2/verdi/uvm_verdi_pli_base.svh'.
Back to file '/fastone/softwares/synopsys/vcs/S-2021.09-SP2/etc/uvm-1.2/verdi/uvm_verdi_message_catcher.svh'.
Back to file '/fastone/softwares/synopsys/vcs/S-2021.09-SP2/etc/uvm-1.2/verdi/uvm_custom_install_verdi_recorder.sv'.
Parsing included file '/fastone/softwares/synopsys/vcs/S-2021.09-SP2/etc/uvm-1.2/verdi/uvm_verdi_factory.svh'.
Back to file '/fastone/softwares/synopsys/vcs/S-2021.09-SP2/etc/uvm-1.2/verdi/uvm_custom_install_verdi_recorder.sv'.
Parsing included file '/fastone/softwares/synopsys/vcs/S-2021.09-SP2/etc/uvm-1.2/verdi/./dpi/uvm_verdi_dpi.svh'.
Back to file '/fastone/softwares/synopsys/vcs/S-2021.09-SP2/etc/uvm-1.2/verdi/uvm_custom_install_verdi_recorder.sv'.
Parsing included file '/fastone/softwares/synopsys/vcs/S-2021.09-SP2/etc/uvm-1.2/verdi/uvm_verdi_reg_recording.sv'.
Back to file '/fastone/softwares/synopsys/vcs/S-2021.09-SP2/etc/uvm-1.2/verdi/uvm_custom_install_verdi_recorder.sv'.
Parsing included file '/fastone/softwares/synopsys/verdi/T-2022.06/share/PLI/VCS/include/verdi_trans_recorder_dpi.svh'.
Back to file '/fastone/softwares/synopsys/vcs/S-2021.09-SP2/etc/uvm-1.2/verdi/uvm_custom_install_verdi_recorder.sv'.
Parsing included file '/fastone/softwares/synopsys/vcs/S-2021.09-SP2/etc/uvm-1.2/verdi/uvm_verdi_pli.svh'.
Back to file '/fastone/softwares/synopsys/vcs/S-2021.09-SP2/etc/uvm-1.2/verdi/uvm_custom_install_verdi_recorder.sv'.
Parsing design file '/fastone/softwares/synopsys/vcs/S-2021.09-SP2/etc/uvm-1.2/verdi/uvm_custom_install_verdi_recorder.sv'
Parsing design file '/fastone/users/shibin.lu/dv_bachcore/st/sim_rtl/uvm_tb/memory_backdoor/src/memory_backdoor_pkg.sv'
Parsing included file '/fastone/softwares/synopsys/vcs/S-2021.09-SP2/etc/uvm-1.2/uvm_macros.svh'.
Back to file '/fastone/users/shibin.lu/dv_bachcore/st/sim_rtl/uvm_tb/memory_backdoor/src/memory_backdoor_pkg.sv'.
Parsing design file '/fastone/users/shibin.lu/dv_bachcore/st/sim_rtl/uvm_tb/memory_backdoor/work/file_check/generated/sram_geometry_pkg.sv'
Parsing design file '/fastone/users/shibin.lu/dv_bachcore/st/sim_rtl/uvm_tb/memory_backdoor/third_party/tech_cells_generic/tc_sram.sv'
Parsing design file '/fastone/users/shibin.lu/dv_bachcore/st/sim_rtl/uvm_tb/memory_backdoor/examples/interleaved_sram.sv'
Parsing design file '/fastone/users/shibin.lu/dv_bachcore/st/sim_rtl/uvm_tb/memory_backdoor/src/memory_reference_component_pkg.sv'
Parsing included file '/fastone/softwares/synopsys/vcs/S-2021.09-SP2/etc/uvm-1.2/uvm_macros.svh'.
Back to file '/fastone/users/shibin.lu/dv_bachcore/st/sim_rtl/uvm_tb/memory_backdoor/src/memory_reference_component_pkg.sv'.
Parsing design file '/fastone/users/shibin.lu/dv_bachcore/st/sim_rtl/uvm_tb/memory_backdoor/src/memory_scoreboard_component_pkg.sv'
Parsing included file '/fastone/softwares/synopsys/vcs/S-2021.09-SP2/etc/uvm-1.2/uvm_macros.svh'.
Back to file '/fastone/users/shibin.lu/dv_bachcore/st/sim_rtl/uvm_tb/memory_backdoor/src/memory_scoreboard_component_pkg.sv'.
Parsing design file '/fastone/users/shibin.lu/dv_bachcore/st/sim_rtl/uvm_tb/memory_backdoor/src/memory_backdoor_operation_pkg.sv'
Parsing included file '/fastone/softwares/synopsys/vcs/S-2021.09-SP2/etc/uvm-1.2/uvm_macros.svh'.
Back to file '/fastone/users/shibin.lu/dv_bachcore/st/sim_rtl/uvm_tb/memory_backdoor/src/memory_backdoor_operation_pkg.sv'.
Parsing design file '/fastone/users/shibin.lu/dv_bachcore/st/sim_rtl/uvm_tb/memory_backdoor/examples/dut.sv'
Parsing design file '/fastone/users/shibin.lu/dv_bachcore/st/sim_rtl/uvm_tb/memory_backdoor/testcase/file_check_testcase.sv'
Parsing included file '/fastone/softwares/synopsys/vcs/S-2021.09-SP2/etc/uvm-1.2/uvm_macros.svh'.
Back to file '/fastone/users/shibin.lu/dv_bachcore/st/sim_rtl/uvm_tb/memory_backdoor/testcase/file_check_testcase.sv'.
Parsing design file '/fastone/users/shibin.lu/dv_bachcore/st/sim_rtl/uvm_tb/memory_backdoor/examples/tb_top.sv'
Top Level Modules:
       uvm_custom_install_recording
       uvm_custom_install_verdi_recording
       tc_sram_blackbox
       tb_top
TimeScale is 1 ns / 1 ps
Starting vcs inline pass...

15 modules and 0 UDP read.
recompiling package vcs_paramclassrepository
recompiling package _vcs_DPI_package
recompiling package uvm_pkg
recompiling package _vcs_msglog
recompiling module uvm_custom_install_recording
recompiling module uvm_custom_install_verdi_recording
recompiling package memory_backdoor_pkg
recompiling package sram_geometry_pkg
recompiling module tc_sram
recompiling module tc_sram_blackbox
recompiling package memory_reference_component_pkg
recompiling package memory_scoreboard_component_pkg
recompiling package memory_backdoor_operation_pkg
recompiling package file_check_testcase_pkg
recompiling module tb_top
All of 15 modules done
make[2]: Warning: File `filelist.hsopt.llvm2_0.objs' has modification time 17 s in the future
make[2]: warning:  Clock skew detected.  Your build may be incomplete.
make[2]: Warning: File `filelist.cu' has modification time 17 s in the future
make[3]: Warning: File `filelist.cu' has modification time 17 s in the future
rm -f _cuarc*.so _csrc*.so pre_vcsobj_*.so share_vcsobj_*.so
make[3]: warning:  Clock skew detected.  Your build may be incomplete.
make[3]: Warning: File `filelist.cu' has modification time 17 s in the future
g++ -w  -pipe -DVCSMX -DUVM_DPI_DO_TYPE_CHECK -fPIC -O -I/fastone/softwares/synopsys/vcs/S-2021.09-SP2/include    -c /fastone/softwares/synopsys/vcs/S-2021.09-SP2/etc/uvm-1.2/dpi/uvm_dpi.cc
g++ -w  -pipe -DVCSMX -DUVM_DPI_DO_TYPE_CHECK -fPIC -O -I/fastone/softwares/synopsys/vcs/S-2021.09-SP2/include    -c /fastone/softwares/synopsys/vcs/S-2021.09-SP2/etc/uvm-1.2/verdi/dpi/uvm_verdi_dpi.cpp
make[3]: warning:  Clock skew detected.  Your build may be incomplete.
if [ -x ../simv ]; then chmod a-x ../simv; fi
g++  -o ../simv      -rdynamic  -Wl,-rpath='$ORIGIN'/simv.daidir -Wl,-rpath=./simv.daidir -Wl,-rpath=/fastone/softwares/synopsys/vcs/S-2021.09-SP2/linux64/lib -L/fastone/softwares/synopsys/vcs/S-2021.09-SP2/linux64/lib  -Wl,-rpath-link=./  uvm_dpi.o uvm_verdi_dpi.o   objs/amcQw_d.o   _3944926_archive_1.so  SIM_l.o      rmapats_mop.o rmapats.o rmar.o rmar_nd.o  rmar_llvm_0_1.o rmar_llvm_0_0.o           -lnuma -lvirsim -lerrorinf -lsnpsmalloc -lvfs /fastone/softwares/synopsys/verdi/T-2022.06/share/PLI/VCS/LINUX64/pli.a    -lvcsnew -lsimprofile -luclinative /fastone/softwares/synopsys/vcs/S-2021.09-SP2/linux64/lib/vcs_tls.o   -Wl,-whole-archive  -lvcsucli    -Wl,-no-whole-archive       ./../simv.daidir/vc_hdrs.o  _vcs_pli_stub_.o   /fastone/softwares/synopsys/vcs/S-2021.09-SP2/linux64/lib/vcs_save_restore_new.o /fastone/softwares/synopsys/verdi/T-2022.06/share/PLI/VCS/LINUX64/pli.a -ldl -lm  -lc -lpthread -ldl 
../simv up to date
make[2]: warning:  Clock skew detected.  Your build may be incomplete.
CPU time: 9.084 seconds to compile + .168 seconds to elab + .494 seconds to link
Verdi KDB elaboration done and the database successfully generated: 0 error(s), 0 warning(s)
Chronologic VCS simulator copyright 1991-2021
Contains Synopsys proprietary information.
Compiler version S-2021.09-SP2_Full64; Runtime version S-2021.09-SP2_Full64;  Sep  2 10:11 2026
RESET_ASSERTED
FILE_CHECK_INPUT_FILE_LOAD_PASS file=/fastone/users/shibin.lu/dv_bachcore/st/sim_rtl/uvm_tb/memory_backdoor/config/file_check/dut_input_data.txt words=2048
TB_DUT_INPUT_SOURCE_READY testcase=file_check source=file words=2048 file=/fastone/users/shibin.lu/dv_bachcore/st/sim_rtl/uvm_tb/memory_backdoor/config/file_check/dut_input_data.txt
*Verdi* Loading libsscore_vcs202109.so
FSDB Dumper for VCS, Release Verdi_T-2022.06, Linux x86_64/64bit, 05/29/2022
(C) 1996 - 2022 by Synopsys, Inc.
*Verdi* : Create FSDB file 'file_check.fsdb'
*Verdi* : Begin traversing the scope (tb_top), layer (0).
*Verdi* : End of traversing.
*Verdi* : Begin traversing the MDAs, layer (0).
*Verdi* : Enable +mda and +packedmda dumping.
*Verdi* : End of traversing the MDAs.
FSDB_DUMP_ENABLED file=file_check.fsdb
MEMORY_BACKDOOR_TOPOLOGY srams=1 banks_per_sram=4 targets=4 address_interleave=1 mapping=block_interleave interleave_bytes=4 interleave_words=1
MEMORY_BACKDOOR_TARGET index=0 sram=0 bank=0 path=tb_top.dut.gen_sram[0].u_interleaved_sram.gen_bank[0].u_sram.sram rows=512 mapping=block_interleave first_block_word=0 block_words=1 block_stride=4 width=32
MEMORY_BACKDOOR_TARGET index=1 sram=0 bank=1 path=tb_top.dut.gen_sram[0].u_interleaved_sram.gen_bank[1].u_sram.sram rows=512 mapping=block_interleave first_block_word=1 block_words=1 block_stride=4 width=32
MEMORY_BACKDOOR_TARGET index=2 sram=0 bank=2 path=tb_top.dut.gen_sram[0].u_interleaved_sram.gen_bank[2].u_sram.sram rows=512 mapping=block_interleave first_block_word=2 block_words=1 block_stride=4 width=32
MEMORY_BACKDOOR_TARGET index=3 sram=0 bank=3 path=tb_top.dut.gen_sram[0].u_interleaved_sram.gen_bank[3].u_sram.sram rows=512 mapping=block_interleave first_block_word=3 block_words=1 block_stride=4 width=32
MEMORY_BACKDOOR_TESTCASE_SELECTED name=file_check
SRAM_ADDRESS_GEOMETRY sram=0 banks=4 rows_per_bank=512 total_words=2048 bytes=8192 address_interleave=1 interleave_words=1 mapping=block_interleave instance=tb_top.dut.gen_sram[0].u_interleaved_sram
SRAM_WAVE_VIEW sram=0 base_byte_address=0x0 end_byte_address=0x1fff word_bytes=4 data=tb_top.dut.gen_sram[0].u_interleaved_sram.sram_view_data address=tb_top.dut.gen_sram[0].u_interleaved_sram.sram_view_byte_address bank=tb_top.dut.gen_sram[0].u_interleaved_sram.sram_view_bank row=tb_top.dut.gen_sram[0].u_interleaved_sram.sram_view_bank_row
SRAM_ADDRESS_BANK sram=0 bank=0 rows=512 mapping=block_interleave first_block_word=0 block_words=1 block_stride=4 path=tb_top.dut.gen_sram[0].u_interleaved_sram.gen_bank[0].u_sram.sram
SRAM_ADDRESS_BANK sram=0 bank=1 rows=512 mapping=block_interleave first_block_word=1 block_words=1 block_stride=4 path=tb_top.dut.gen_sram[0].u_interleaved_sram.gen_bank[1].u_sram.sram
SRAM_ADDRESS_BANK sram=0 bank=2 rows=512 mapping=block_interleave first_block_word=2 block_words=1 block_stride=4 path=tb_top.dut.gen_sram[0].u_interleaved_sram.gen_bank[2].u_sram.sram
SRAM_ADDRESS_BANK sram=0 bank=3 rows=512 mapping=block_interleave first_block_word=3 block_words=1 block_stride=4 path=tb_top.dut.gen_sram[0].u_interleaved_sram.gen_bank[3].u_sram.sram
RESET_DEASSERTED time=10 ns
MEMORY_BACKDOOR_TESTCASE_ON_RESET_RELEASE name=file_check
MEMORY_BACKDOOR_OPERATION_SELECTED testcase=file_check operation=file_check
TB_DUT_INPUT_STREAM_DONE testcase=file_check source=file words=2048
MEMORY_DUT_INPUT_INTERFACE_CAPTURE_READY testcase=file_check words=2048 source=uvm_hdl_read data_path=tb_top.dut.check_input_data_i address_path=tb_top.dut.check_input_word_address_i valid_path=tb_top.dut.check_input_valid_i
FILE_CHECK_DUT_INPUT_INTERFACE_ARRAY_READY words=2048 data_path=tb_top.dut.check_input_data_i address_path=tb_top.dut.check_input_word_address_i valid_path=tb_top.dut.check_input_valid_i
FILE_CHECK_DUT_RESULT_BACKDOOR_ARRAY_READY words=2048 path=tb_top.dut.ref_result_capture_array
FILE_CHECK_GOLDEN_FILE_LOAD_PASS file=/fastone/users/shibin.lu/dv_bachcore/st/sim_rtl/uvm_tb/memory_backdoor/config/file_check/golden_data.txt words=2048
FILE_CHECK_MODE_SELECTED mode=FILE expected_source=golden_file
FILE_CHECK_DATA_FILE_READY kind=dut_input_interface file=/fastone/users/shibin.lu/dv_bachcore/st/sim_rtl/uvm_tb/memory_backdoor/work/file_check/data/file_check_dut_input_interface.txt words=2048
FILE_CHECK_DATA_FILE_READY kind=golden_data file=/fastone/users/shibin.lu/dv_bachcore/st/sim_rtl/uvm_tb/memory_backdoor/work/file_check/data/file_check_golden_data.txt words=2048
FILE_CHECK_DATA_FILE_READY kind=dut_output_backdoor file=/fastone/users/shibin.lu/dv_bachcore/st/sim_rtl/uvm_tb/memory_backdoor/work/file_check/data/file_check_dut_output_backdoor.txt words=2048
MEMORY_SCOREBOARD_COMPARE_FILE_READY testcase=file_check file=/fastone/users/shibin.lu/dv_bachcore/st/sim_rtl/uvm_tb/memory_backdoor/work/file_check/data/file_check_dut_reference_compare.txt words=2048 mismatches=0 expected_source=golden_file
MEMORY_SCOREBOARD_PASS testcase=file_check words=2048 mismatches=0 expected_source=golden_file
TEST_PASS testcase=file_check words=2048 mismatches=0 expected_source=golden_file
MEMORY_BACKDOOR_EXAMPLE_PASS testcase=file_check time=20505 ns
$finish called from file "/fastone/users/shibin.lu/dv_bachcore/st/sim_rtl/uvm_tb/memory_backdoor/examples/tb_top.sv", line 475.
$finish at simulation time             20505001
           V C S   S i m u l a t i o n   R e p o r t 
Time: 20505001 ps
CPU Time:      0.280 seconds;       Data structure size:   0.7Mb
Wed Sep  2 10:11:07 2026
PASS file_check -> /fastone/users/shibin.lu/dv_bachcore/st/sim_rtl/uvm_tb/memory_backdoor/work/file_check (WAVA=1)
REF_CHECK_DATA_VALID file=/fastone/users/shibin.lu/dv_bachcore/st/sim_rtl/uvm_tb/memory_backdoor/work/file_check/data/file_check_dut_input_interface.txt words=2048
REF_CHECK_DATA_VALID file=/fastone/users/shibin.lu/dv_bachcore/st/sim_rtl/uvm_tb/memory_backdoor/work/file_check/data/file_check_golden_data.txt words=2048
REF_CHECK_DATA_VALID file=/fastone/users/shibin.lu/dv_bachcore/st/sim_rtl/uvm_tb/memory_backdoor/work/file_check/data/file_check_dut_output_backdoor.txt words=2048
REF_CHECK_DATA_VALID file=/fastone/users/shibin.lu/dv_bachcore/st/sim_rtl/uvm_tb/memory_backdoor/work/file_check/data/file_check_dut_input_interface.txt words=2048
REF_CHECK_DATA_VALID file=/fastone/users/shibin.lu/dv_bachcore/st/sim_rtl/uvm_tb/memory_backdoor/work/file_check/data/file_check_golden_data.txt words=2048
CHECK_COMPARE_VALID file=/fastone/users/shibin.lu/dv_bachcore/st/sim_rtl/uvm_tb/memory_backdoor/work/file_check/data/file_check_dut_reference_compare.txt words=2048
MEMORY_BACKDOOR_ALL_PASS cases=5
MEMORY_BACKDOOR_REGRESSION_PASS
